Workbook
Name AgData: Agenda!$A$5:$A$3004
Name AgPac: Agenda!$D$5:$D$3004
Name AgStatus: Agenda!$F$5:$F$3004
Name Convenios: Config!$K$5:$K$14
Name DiasConf: Config!$C$6
Name Formas: Config!$M$5:$M$14
Name Hoje: Config!$C$5
Name JanelaRet: Config!$C$7
Name MesAn: Config!$C$9
Name Origens: Config!$B$26:$B$31
Name PacCod: Pacientes!$A$5:$A$1004
Name PacConv: Pacientes!$D$5:$D$1004
Name PacNome: Pacientes!$B$5:$B$1004
Name PacTel: Pacientes!$C$5:$C$1004
Name ProcNome: Config!$G$5:$G$34
Name ProcRet: Config!$I$5:$I$34
Name ProcValor: Config!$H$5:$H$34
Name ProfLista: Config!$E$5:$E$14
Name StatusAg: Config!$B$18:$B$23

Sheet Início
A1: Agenda, Faltas e Retornos
A2: Carvex XLS · Menos horários vazios, mais retornos agendados
B4: ESTE É O ARQUIVO DE EXEMPLO: todos os dados são fictícios. Use-o para entender como a planilha funciona e comece a sua pela PLANILHA-LIMPA.xlsx.
B6: O que esta planilha faz
B7: Registre a agenda com status de cada atendimento. A planilha calcula a taxa de falta por profissional e dia da semana, a receita perdida com faltas, lista quem precisa ser confirmado e quais pacientes devem retornar e ainda não têm retorno agendado. Sem dados clínicos: só o necessário para a gestão.
B9: Como começar (5 minutos)
B10: 1. Config | C10: Cadastre profissionais, procedimentos (valor e dias para retorno), convênios e formas de pagamento.
B11: 2. Cadastre os pacientes | C11: Em Pacientes: código, nome, telefone e convênio. NÃO registre diagnósticos, exames ou informações de saúde.
B12: 3. Lance a agenda | C12: Em Agenda: data, hora, profissional, código do paciente, procedimento e status. Atualize o status ao longo do dia.
B13: 4. Confirme e recupere | C13: Na aba Pendências veja quem confirmar nos próximos dias e quem precisa de retorno agendado.
B14: 5. Meça os resultados | C14: Na aba Relatórios veja taxa de falta, receita perdida e receita por profissional.
B16: Mapa das abas (clique para ir)
B17: Config | C17: Profissionais, procedimentos, convênios, janelas de alerta.
B18: Pacientes | C18: Cadastro mínimo e histórico de presença.
B19: Agenda | C19: Todos os agendamentos (até 3.000 linhas).
B20: Pendências | C20: Confirmações e retornos a agendar, com telefone.
B21: Relatórios | C21: Indicadores do mês, por profissional, por dia da semana e tendência mensal.
B23: Legenda de cores
B24: Amarelo | C24: Célula que VOCÊ preenche.
B25: Cinza | C25: Cálculo automático. Não digite aqui.
B26: Verde escuro | C26: Cabeçalho de coluna.
B28: Atenção
B29: • Privacidade: use apenas dados de identificação e contato necessários para o agendamento (LGPD). Nunca lance informações de saúde.
B30: • Status 'Cancelado' e 'Remarcado' não contam como falta. 'Faltou' é a ausência sem aviso.
B31: • O valor padrão vem da tabela de procedimentos. Para convênio ou desconto, digite o valor cobrado na coluna própria.
B33: Carvex XLS · Agenda, Faltas e Retornos para Clínicas · versão 1.0 · Dúvidas: consulte o TUTORIAL.md e o MANUAL.md que acompanham o produto.

Sheet Config
A1: Configurações
A2: Preencha as células amarelas. | L2: EXEMPLO - dados fictícios
B4: Clínica | C4: Clínica Exemplo | E4: Profissionais | G4: Procedimento | H4: Valor (R$) | I4: Dias p/ retorno | K4: Convênios | M4: Formas de pagamento
B5: Data de hoje (referência) | C5: 46303 | E5: Profissional A | G5: Consulta inicial | H5: 250 | I5: 0 | K5: Particular | M5: Pix
B6: Confirmar agendamentos com até (dias) | C6: 2 | E6: Profissional B | G6: Retorno | H6: 150 | I6: 0 | K6: Convênio A | M6: Dinheiro
B7: Alertar retornos que vencem em (dias) | C7: 15 | E7: Profissional C | G7: Limpeza / manutenção | H7: 180 | I7: 180 | K7: Convênio B | M7: Cartão de débito
B8: Mês de análise (1º dia; opcional) | C8: 46266 | E8: Profissional D | G8: Avaliação | H8: 120 | I8: 30 | M8: Cartão de crédito
B9: Mês de análise efetivo | C9: =IF(ISNUMBER($C$8),DATE(YEAR($C$8),MONTH($C$8),1),DATE(YEAR(Hoje),MONTH(Hoje),1)) -> 46266 | G9: Procedimento A | H9: 350 | I9: 15 | M9: Transferência
B10: Deixe o mês vazio para analisar o mês atual. | G10: Sessão | H10: 140 | I10: 7
G11: Exame complementar | H11: 90 | I11: 0
G12: Revisão | H12: 130 | I12: 90
B17: Status do agendamento (fixos)
B18: Agendado
B19: Confirmado
B20: Compareceu
B21: Faltou
B22: Cancelado
B23: Remarcado
B25: Origem do paciente
B26: Indicação
B27: Instagram
B28: Google
B29: Convênio
B30: Passante

Sheet Pacientes
A1: Pacientes (cadastro mínimo)
A2: Somente identificação e contato. Sem informações de saúde. | J2: EXEMPLO - dados fictícios
A4: Código | B4: Nome | C4: Telefone | D4: Convênio | E4: Origem | F4: Cadastro em | G4: Observação administrativa | H4: Consultas realizadas | I4: Faltas | J4: Última visita
A5: P001 | B5: Paciente 001 | C5: (00) 94565-4237 | D5: Particular | E5: Instagram | F5: 46120 | H5: =IF($A5="","",COUNTIFS(AgPac,$A5,AgStatus,"Compareceu")) -> 7 | I5: =IF($A5="","",COUNTIFS(AgPac,$A5,AgStatus,"Faltou")) -> 0 | J5: =IF($A5="","",SUMPRODUCT(MAX((AgPac=$A5)*(AgStatus="Compareceu")*AgData))) -> 46287
A6: P002 | B6: Paciente 002 | C6: (00) 98326-2369 | D6: Convênio A | E6: Instagram | F6: 46050 | H6: =IF($A6="","",COUNTIFS(AgPac,$A6,AgStatus,"Compareceu")) -> 9 | I6: =IF($A6="","",COUNTIFS(AgPac,$A6,AgStatus,"Faltou")) -> 0 | J6: =IF($A6="","",SUMPRODUCT(MAX((AgPac=$A6)*(AgStatus="Compareceu")*AgData))) -> 46302
A7: P003 | B7: Paciente 003 | C7: (00) 96541-2745 | D7: Particular | E7: Passante | F7: 46072 | H7: =IF($A7="","",COUNTIFS(AgPac,$A7,AgStatus,"Compareceu")) -> 5 | I7: =IF($A7="","",COUNTIFS(AgPac,$A7,AgStatus,"Faltou")) -> 1 | J7: =IF($A7="","",SUMPRODUCT(MAX((AgPac=$A7)*(AgStatus="Compareceu")*AgData))) -> 46276
A8: P004 | B8: Paciente 004 | C8: (00) 95473-1684 | D8: Particular | E8: Google | F8: 46115 | H8: =IF($A8="","",COUNTIFS(AgPac,$A8,AgStatus,"Compareceu")) -> 3 | I8: =IF($A8="","",COUNTIFS(AgPac,$A8,AgStatus,"Faltou")) -> 1 | J8: =IF($A8="","",SUMPRODUCT(MAX((AgPac=$A8)*(AgStatus="Compareceu")*AgData))) -> 46281
A9: P005 | B9: Paciente 005 | C9: (00) 96105-4571 | D9: Particular | E9: Passante | F9: 46176 | H9: =IF($A9="","",COUNTIFS(AgPac,$A9,AgStatus,"Compareceu")) -> 2 | I9: =IF($A9="","",COUNTIFS(AgPac,$A9,AgStatus,"Faltou")) -> 0 | J9: =IF($A9="","",SUMPRODUCT(MAX((AgPac=$A9)*(AgStatus="Compareceu")*AgData))) -> 46300
A10: P006 | B10: Paciente 006 | C10: (00) 98534-6801 | D10: Convênio B | E10: Indicação | F10: 46147 | H10: =IF($A10="","",COUNTIFS(AgPac,$A10,AgStatus,"Compareceu")) -> 4 | I10: =IF($A10="","",COUNTIFS(AgPac,$A10,AgStatus,"Faltou")) -> 0 | J10: =IF($A10="","",SUMPRODUCT(MAX((AgPac=$A10)*(AgStatus="Compareceu")*AgData))) -> 46273
A11: P007 | B11: Paciente 007 | C11: (00) 93255-1189 | D11: Particular | E11: Instagram | F11: 46227 | H11: =IF($A11="","",COUNTIFS(AgPac,$A11,AgStatus,"Compareceu")) -> 6 | I11: =IF($A11="","",COUNTIFS(AgPac,$A11,AgStatus,"Faltou")) -> 2 | J11: =IF($A11="","",SUMPRODUCT(MAX((AgPac=$A11)*(AgStatus="Compareceu")*AgData))) -> 46294
A12: P008 | B12: Paciente 008 | C12: (00) 93219-8421 | D12: Particular | E12: Indicação | F12: 46199 | H12: =IF($A12="","",COUNTIFS(AgPac,$A12,AgStatus,"Compareceu")) -> 6 | I12: =IF($A12="","",COUNTIFS(AgPac,$A12,AgStatus,"Faltou")) -> 1 | J12: =IF($A12="","",SUMPRODUCT(MAX((AgPac=$A12)*(AgStatus="Compareceu")*AgData))) -> 46290
A13: P009 | B13: Paciente 009 | C13: (00) 91510-3710 | D13: Convênio A | E13: Instagram | F13: 46126 | H13: =IF($A13="","",COUNTIFS(AgPac,$A13,AgStatus,"Compareceu")) -> 4 | I13: =IF($A13="","",COUNTIFS(AgPac,$A13,AgStatus,"Faltou")) -> 1 | J13: =IF($A13="","",SUMPRODUCT(MAX((AgPac=$A13)*(AgStatus="Compareceu")*AgData))) -> 46298
A14: P010 | B14: Paciente 010 | C14: (00) 96475-3660 | D14: Particular | E14: Passante | F14: 46200 | H14: =IF($A14="","",COUNTIFS(AgPac,$A14,AgStatus,"Compareceu")) -> 8 | I14: =IF($A14="","",COUNTIFS(AgPac,$A14,AgStatus,"Faltou")) -> 0 | J14: =IF($A14="","",SUMPRODUCT(MAX((AgPac=$A14)*(AgStatus="Compareceu")*AgData))) -> 46273
A15: P011 | B15: Paciente 011 | C15: (00) 99378-4760 | D15: Convênio A | E15: Google | F15: 46066 | H15: =IF($A15="","",COUNTIFS(AgPac,$A15,AgStatus,"Compareceu")) -> 5 | I15: =IF($A15="","",COUNTIFS(AgPac,$A15,AgStatus,"Faltou")) -> 1 | J15: =IF($A15="","",SUMPRODUCT(MAX((AgPac=$A15)*(AgStatus="Compareceu")*AgData))) -> 46267
A16: P012 | B16: Paciente 012 | C16: (00) 98943-8585 | D16: Particular | E16: Convênio | F16: 46179 | H16: =IF($A16="","",COUNTIFS(AgPac,$A16,AgStatus,"Compareceu")) -> 5 | I16: =IF($A16="","",COUNTIFS(AgPac,$A16,AgStatus,"Faltou")) -> 0 | J16: =IF($A16="","",SUMPRODUCT(MAX((AgPac=$A16)*(AgStatus="Compareceu")*AgData))) -> 46296
... A50: P046 | B50: Paciente 046 | C50: (00) 97564-5133 | D50: Convênio A | E50: Instagram | F50: 46051 | H50: =IF($A50="","",COUNTIFS(AgPac,$A50,AgStatus,"Compareceu")) -> 4 | I50: =IF($A50="","",COUNTIFS(AgPac,$A50,AgStatus,"Faltou")) -> 1 | J50: =IF($A50="","",SUMPRODUCT(MAX((AgPac=$A50)*(AgStatus="Compareceu")*AgData))) -> 46294
H51: =IF($A51="","",COUNTIFS(AgPac,$A51,AgStatus,"Compareceu")) -> 0 | I51: =IF($A51="","",COUNTIFS(AgPac,$A51,AgStatus,"Faltou")) -> 0 | J51: =IF($A51="","",SUMPRODUCT(MAX((AgPac=$A51)*(AgStatus="Compareceu")*AgData))) -> 0
H52: =IF($A52="","",COUNTIFS(AgPac,$A52,AgStatus,"Compareceu")) -> 0 | I52: =IF($A52="","",COUNTIFS(AgPac,$A52,AgStatus,"Faltou")) -> 0 | J52: =IF($A52="","",SUMPRODUCT(MAX((AgPac=$A52)*(AgStatus="Compareceu")*AgData))) -> 0
H53: =IF($A53="","",COUNTIFS(AgPac,$A53,AgStatus,"Compareceu")) -> 0 | I53: =IF($A53="","",COUNTIFS(AgPac,$A53,AgStatus,"Faltou")) -> 0 | J53: =IF($A53="","",SUMPRODUCT(MAX((AgPac=$A53)*(AgStatus="Compareceu")*AgData))) -> 0
H54: =IF($A54="","",COUNTIFS(AgPac,$A54,AgStatus,"Compareceu")) -> 0 | I54: =IF($A54="","",COUNTIFS(AgPac,$A54,AgStatus,"Faltou")) -> 0 | J54: =IF($A54="","",SUMPRODUCT(MAX((AgPac=$A54)*(AgStatus="Compareceu")*AgData))) -> 0
H55: =IF($A55="","",COUNTIFS(AgPac,$A55,AgStatus,"Compareceu")) -> 0 | I55: =IF($A55="","",COUNTIFS(AgPac,$A55,AgStatus,"Faltou")) -> 0 | J55: =IF($A55="","",SUMPRODUCT(MAX((AgPac=$A55)*(AgStatus="Compareceu")*AgData))) -> 0
H56: =IF($A56="","",COUNTIFS(AgPac,$A56,AgStatus,"Compareceu")) -> 0 | I56: =IF($A56="","",COUNTIFS(AgPac,$A56,AgStatus,"Faltou")) -> 0 | J56: =IF($A56="","",SUMPRODUCT(MAX((AgPac=$A56)*(AgStatus="Compareceu")*AgData))) -> 0
H57: =IF($A57="","",COUNTIFS(AgPac,$A57,AgStatus,"Compareceu")) -> 0 | I57: =IF($A57="","",COUNTIFS(AgPac,$A57,AgStatus,"Faltou")) -> 0 | J57: =IF($A57="","",SUMPRODUCT(MAX((AgPac=$A57)*(AgStatus="Compareceu")*AgData))) -> 0
H58: =IF($A58="","",COUNTIFS(AgPac,$A58,AgStatus,"Compareceu")) -> 0 | I58: =IF($A58="","",COUNTIFS(AgPac,$A58,AgStatus,"Faltou")) -> 0 | J58: =IF($A58="","",SUMPRODUCT(MAX((AgPac=$A58)*(AgStatus="Compareceu")*AgData))) -> 0
H59: =IF($A59="","",COUNTIFS(AgPac,$A59,AgStatus,"Compareceu")) -> 0 | I59: =IF($A59="","",COUNTIFS(AgPac,$A59,AgStatus,"Faltou")) -> 0 | J59: =IF($A59="","",SUMPRODUCT(MAX((AgPac=$A59)*(AgStatus="Compareceu")*AgData))) -> 0
H60: =IF($A60="","",COUNTIFS(AgPac,$A60,AgStatus,"Compareceu")) -> 0 | I60: =IF($A60="","",COUNTIFS(AgPac,$A60,AgStatus,"Faltou")) -> 0 | J60: =IF($A60="","",SUMPRODUCT(MAX((AgPac=$A60)*(AgStatus="Compareceu")*AgData))) -> 0
H61: =IF($A61="","",COUNTIFS(AgPac,$A61,AgStatus,"Compareceu")) -> 0 | I61: =IF($A61="","",COUNTIFS(AgPac,$A61,AgStatus,"Faltou")) -> 0 | J61: =IF($A61="","",SUMPRODUCT(MAX((AgPac=$A61)*(AgStatus="Compareceu")*AgData))) -> 0
H62: =IF($A62="","",COUNTIFS(AgPac,$A62,AgStatus,"Compareceu")) -> 0 | I62: =IF($A62="","",COUNTIFS(AgPac,$A62,AgStatus,"Faltou")) -> 0 | J62: =IF($A62="","",SUMPRODUCT(MAX((AgPac=$A62)*(AgStatus="Compareceu")*AgData))) -> 0
... H1004: =IF($A1004="","",COUNTIFS(AgPac,$A1004,AgStatus,"Compareceu")) -> 0 | I1004: =IF($A1004="","",COUNTIFS(AgPac,$A1004,AgStatus,"Faltou")) -> 0 | J1004: =IF($A1004="","",SUMPRODUCT(MAX((AgPac=$A1004)*(AgStatus="Compareceu")*AgData))) -> 0

Sheet Agenda
A1: Agenda
A2: Uma linha por agendamento. Atualize o status ao longo do dia. | V2: EXEMPLO - dados fictícios
A4: Data | B4: Hora | C4: Profissional | D4: Cód. paciente | E4: Procedimento | F4: Status | G4: Valor cobrado (se diferente da tabela) | H4: Valor recebido (R$) | I4: Forma de pagamento | J4: Paciente | K4: Convênio | L4: Dia | M4: Valor do atendimento | N4: Receita realizada | O4: Receita perdida (falta) | P4: A receber | Q4: Retorno previsto | R4: Retorno agendado? | S4: ALERTA | T4: Mês
A5: 46204 | B5: 0.4375 | C5: Profissional A | D5: P027 | E5: Revisão | F5: Compareceu | H5: 130 | I5: Dinheiro | J5: =IF($D5="","",IFERROR(INDEX(PacNome,MATCH($D5,PacCod,0)),"Paciente não cadastrado")) -> Paciente 027 | K5: =IF($D5="","",IFERROR(INDEX(PacConv,MATCH($D5,PacCod,0))&"","")) -> Particular | L5: =IF($A5="","",CHOOSE(WEEKDAY($A5,2),"Seg","Ter","Qua","Qui","Sex","Sáb","Dom")) -> Qua | M5: =IF($E5="","",IF($G5<>"",$G5,IFERROR(INDEX(ProcValor,MATCH($E5,ProcNome,0)),0))) -> 130 | N5: =IF($M5="","",IF($F5="Compareceu",$M5,0)) -> 130 | O5: =IF($M5="","",IF($F5="Faltou",$M5,0)) -> 0 | P5: =IF($M5="","",IF($F5="Compareceu",MAX(0,$M5-N($H5)),0)) -> 0 | Q5: =IF(AND($F5="Compareceu",$E5<>"",$A5<>""),IF(IFERROR(INDEX(ProcRet,MATCH($E5,ProcNome,0)),0)>0,$A5+INDEX(ProcRet,MATCH($E5,ProcNome,0)),""),"") -> 46294 | R5: =IF($Q5="","",IF(COUNTIFS(AgPac,$D5,AgData,">"&$A5,AgStatus,"<>Cancelado",AgStatus,"<>Remarcado")>0,"Sim","Não")) -> Sim | S5: =IF($A5="","",IF(AND($F5="Agendado",$A5-Hoje>=0,$A5-Hoje<=DiasConf),"CONFIRMAR",IF(AND($A5<Hoje,OR($F5="Agendado",$F5="Confirmado")),"Atualizar status",IF(AND($F5="Compareceu",$P5>0.005),"Cobrar",IF($F5="Faltou","Falta: reagendar",""))))) -> 0 | T5: =IF($A5="","",DATE(YEAR($A5),MONTH($A5),1)) -> 46204 | U5: =IF($S5="CONFIRMAR",MAX($U$4:$U4)+1,"") -> 0 | V5: =IF(AND($R5="Não",$Q5<>"",$Q5<=Hoje+JanelaRet,$Q5>=Hoje-60),MAX($V$4:$V4)+1,"") -> 0
A6: 46204 | B6: 0.52083333 | C6: Profissional A | D6: P043 | E6: Revisão | F6: Cancelado | J6: =IF($D6="","",IFERROR(INDEX(PacNome,MATCH($D6,PacCod,0)),"Paciente não cadastrado")) -> Paciente 043 | K6: =IF($D6="","",IFERROR(INDEX(PacConv,MATCH($D6,PacCod,0))&"","")) -> Convênio A | L6: =IF($A6="","",CHOOSE(WEEKDAY($A6,2),"Seg","Ter","Qua","Qui","Sex","Sáb","Dom")) -> Qua | M6: =IF($E6="","",IF($G6<>"",$G6,IFERROR(INDEX(ProcValor,MATCH($E6,ProcNome,0)),0))) -> 130 | N6: =IF($M6="","",IF($F6="Compareceu",$M6,0)) -> 0 | O6: =IF($M6="","",IF($F6="Faltou",$M6,0)) -> 0 | P6: =IF($M6="","",IF($F6="Compareceu",MAX(0,$M6-N($H6)),0)) -> 0 | Q6: =IF(AND($F6="Compareceu",$E6<>"",$A6<>""),IF(IFERROR(INDEX(ProcRet,MATCH($E6,ProcNome,0)),0)>0,$A6+INDEX(ProcRet,MATCH($E6,ProcNome,0)),""),"") -> 0 | R6: =IF($Q6="","",IF(COUNTIFS(AgPac,$D6,AgData,">"&$A6,AgStatus,"<>Cancelado",AgStatus,"<>Remarcado")>0,"Sim","Não")) -> 0 | S6: =IF($A6="","",IF(AND($F6="Agendado",$A6-Hoje>=0,$A6-Hoje<=DiasConf),"CONFIRMAR",IF(AND($A6<Hoje,OR($F6="Agendado",$F6="Confirmado")),"Atualizar status",IF(AND($F6="Compareceu",$P6>0.005),"Cobrar",IF($F6="Faltou","Falta: reagendar",""))))) -> 0 | T6: =IF($A6="","",DATE(YEAR($A6),MONTH($A6),1)) -> 46204 | U6: =IF($S6="CONFIRMAR",MAX($U$4:$U5)+1,"") -> 0 | V6: =IF(AND($R6="Não",$Q6<>"",$Q6<=Hoje+JanelaRet,$Q6>=Hoje-60),MAX($V$4:$V5)+1,"") -> 0
A7: 46204 | B7: 0.58333333 | C7: Profissional B | D7: P032 | E7: Sessão | F7: Faltou | J7: =IF($D7="","",IFERROR(INDEX(PacNome,MATCH($D7,PacCod,0)),"Paciente não cadastrado")) -> Paciente 032 | K7: =IF($D7="","",IFERROR(INDEX(PacConv,MATCH($D7,PacCod,0))&"","")) -> Convênio A | L7: =IF($A7="","",CHOOSE(WEEKDAY($A7,2),"Seg","Ter","Qua","Qui","Sex","Sáb","Dom")) -> Qua | M7: =IF($E7="","",IF($G7<>"",$G7,IFERROR(INDEX(ProcValor,MATCH($E7,ProcNome,0)),0))) -> 140 | N7: =IF($M7="","",IF($F7="Compareceu",$M7,0)) -> 0 | O7: =IF($M7="","",IF($F7="Faltou",$M7,0)) -> 140 | P7: =IF($M7="","",IF($F7="Compareceu",MAX(0,$M7-N($H7)),0)) -> 0 | Q7: =IF(AND($F7="Compareceu",$E7<>"",$A7<>""),IF(IFERROR(INDEX(ProcRet,MATCH($E7,ProcNome,0)),0)>0,$A7+INDEX(ProcRet,MATCH($E7,ProcNome,0)),""),"") -> 0 | R7: =IF($Q7="","",IF(COUNTIFS(AgPac,$D7,AgData,">"&$A7,AgStatus,"<>Cancelado",AgStatus,"<>Remarcado")>0,"Sim","Não")) -> 0 | S7: =IF($A7="","",IF(AND($F7="Agendado",$A7-Hoje>=0,$A7-Hoje<=DiasConf),"CONFIRMAR",IF(AND($A7<Hoje,OR($F7="Agendado",$F7="Confirmado")),"Atualizar status",IF(AND($F7="Compareceu",$P7>0.005),"Cobrar",IF($F7="Faltou","Falta: reagendar",""))))) -> Falta: reagendar | T7: =IF($A7="","",DATE(YEAR($A7),MONTH($A7),1)) -> 46204 | U7: =IF($S7="CONFIRMAR",MAX($U$4:$U6)+1,"") -> 0 | V7: =IF(AND($R7="Não",$Q7<>"",$Q7<=Hoje+JanelaRet,$Q7>=Hoje-60),MAX($V$4:$V6)+1,"") -> 0
A8: 46205 | B8: 0.33333333 | C8: Profissional C | D8: P037 | E8: Consulta inicial | F8: Compareceu | G8: 150 | H8: 150 | I8: Transferência | J8: =IF($D8="","",IFERROR(INDEX(PacNome,MATCH($D8,PacCod,0)),"Paciente não cadastrado")) -> Paciente 037 | K8: =IF($D8="","",IFERROR(INDEX(PacConv,MATCH($D8,PacCod,0))&"","")) -> Convênio B | L8: =IF($A8="","",CHOOSE(WEEKDAY($A8,2),"Seg","Ter","Qua","Qui","Sex","Sáb","Dom")) -> Qui | M8: =IF($E8="","",IF($G8<>"",$G8,IFERROR(INDEX(ProcValor,MATCH($E8,ProcNome,0)),0))) -> 150 | N8: =IF($M8="","",IF($F8="Compareceu",$M8,0)) -> 150 | O8: =IF($M8="","",IF($F8="Faltou",$M8,0)) -> 0 | P8: =IF($M8="","",IF($F8="Compareceu",MAX(0,$M8-N($H8)),0)) -> 0 | Q8: =IF(AND($F8="Compareceu",$E8<>"",$A8<>""),IF(IFERROR(INDEX(ProcRet,MATCH($E8,ProcNome,0)),0)>0,$A8+INDEX(ProcRet,MATCH($E8,ProcNome,0)),""),"") -> 0 | R8: =IF($Q8="","",IF(COUNTIFS(AgPac,$D8,AgData,">"&$A8,AgStatus,"<>Cancelado",AgStatus,"<>Remarcado")>0,"Sim","Não")) -> 0 | S8: =IF($A8="","",IF(AND($F8="Agendado",$A8-Hoje>=0,$A8-Hoje<=DiasConf),"CONFIRMAR",IF(AND($A8<Hoje,OR($F8="Agendado",$F8="Confirmado")),"Atualizar status",IF(AND($F8="Compareceu",$P8>0.005),"Cobrar",IF($F8="Faltou","Falta: reagendar",""))))) -> 0 | T8: =IF($A8="","",DATE(YEAR($A8),MONTH($A8),1)) -> 46204 | U8: =IF($S8="CONFIRMAR",MAX($U$4:$U7)+1,"") -> 0 | V8: =IF(AND($R8="Não",$Q8<>"",$Q8<=Hoje+JanelaRet,$Q8>=Hoje-60),MAX($V$4:$V7)+1,"") -> 0
A9: 46205 | B9: 0.41666667 | C9: Profissional C | D9: P038 | E9: Revisão | F9: Compareceu | G9: 78 | H9: 78 | I9: Dinheiro | J9: =IF($D9="","",IFERROR(INDEX(PacNome,MATCH($D9,PacCod,0)),"Paciente não cadastrado")) -> Paciente 038 | K9: =IF($D9="","",IFERROR(INDEX(PacConv,MATCH($D9,PacCod,0))&"","")) -> Convênio A | L9: =IF($A9="","",CHOOSE(WEEKDAY($A9,2),"Seg","Ter","Qua","Qui","Sex","Sáb","Dom")) -> Qui | M9: =IF($E9="","",IF($G9<>"",$G9,IFERROR(INDEX(ProcValor,MATCH($E9,ProcNome,0)),0))) -> 78 | N9: =IF($M9="","",IF($F9="Compareceu",$M9,0)) -> 78 | O9: =IF($M9="","",IF($F9="Faltou",$M9,0)) -> 0 | P9: =IF($M9="","",IF($F9="Compareceu",MAX(0,$M9-N($H9)),0)) -> 0 | Q9: =IF(AND($F9="Compareceu",$E9<>"",$A9<>""),IF(IFERROR(INDEX(ProcRet,MATCH($E9,ProcNome,0)),0)>0,$A9+INDEX(ProcRet,MATCH($E9,ProcNome,0)),""),"") -> 46295 | R9: =IF($Q9="","",IF(COUNTIFS(AgPac,$D9,AgData,">"&$A9,AgStatus,"<>Cancelado",AgStatus,"<>Remarcado")>0,"Sim","Não")) -> Sim | S9: =IF($A9="","",IF(AND($F9="Agendado",$A9-Hoje>=0,$A9-Hoje<=DiasConf),"CONFIRMAR",IF(AND($A9<Hoje,OR($F9="Agendado",$F9="Confirmado")),"Atualizar status",IF(AND($F9="Compareceu",$P9>0.005),"Cobrar",IF($F9="Faltou","Falta: reagendar",""))))) -> 0 | T9: =IF($A9="","",DATE(YEAR($A9),MONTH($A9),1)) -> 46204 | U9: =IF($S9="CONFIRMAR",MAX($U$4:$U8)+1,"") -> 0 | V9: =IF(AND($R9="Não",$Q9<>"",$Q9<=Hoje+JanelaRet,$Q9>=Hoje-60),MAX($V$4:$V8)+1,"") -> 0
A10: 46205 | B10: 0.6875 | C10: Profissional A | D10: P029 | E10: Avaliação | F10: Compareceu | G10: 72 | H10: 72 | I10: Transferência | J10: =IF($D10="","",IFERROR(INDEX(PacNome,MATCH($D10,PacCod,0)),"Paciente não cadastrado")) -> Paciente 029 | K10: =IF($D10="","",IFERROR(INDEX(PacConv,MATCH($D10,PacCod,0))&"","")) -> Convênio B | L10: =IF($A10="","",CHOOSE(WEEKDAY($A10,2),"Seg","Ter","Qua","Qui","Sex","Sáb","Dom")) -> Qui | M10: =IF($E10="","",IF($G10<>"",$G10,IFERROR(INDEX(ProcValor,MATCH($E10,ProcNome,0)),0))) -> 72 | N10: =IF($M10="","",IF($F10="Compareceu",$M10,0)) -> 72 | O10: =IF($M10="","",IF($F10="Faltou",$M10,0)) -> 0 | P10: =IF($M10="","",IF($F10="Compareceu",MAX(0,$M10-N($H10)),0)) -> 0 | Q10: =IF(AND($F10="Compareceu",$E10<>"",$A10<>""),IF(IFERROR(INDEX(ProcRet,MATCH($E10,ProcNome,0)),0)>0,$A10+INDEX(ProcRet,MATCH($E10,ProcNome,0)),""),"") -> 46235 | R10: =IF($Q10="","",IF(COUNTIFS(AgPac,$D10,AgData,">"&$A10,AgStatus,"<>Cancelado",AgStatus,"<>Remarcado")>0,"Sim","Não")) -> Sim | S10: =IF($A10="","",IF(AND($F10="Agendado",$A10-Hoje>=0,$A10-Hoje<=DiasConf),"CONFIRMAR",IF(AND($A10<Hoje,OR($F10="Agendado",$F10="Confirmado")),"Atualizar status",IF(AND($F10="Compareceu",$P10>0.005),"Cobrar",IF($F10="Faltou","Falta: reagendar",""))))) -> 0 | T10: =IF($A10="","",DATE(YEAR($A10),MONTH($A10),1)) -> 46204 | U10: =IF($S10="CONFIRMAR",MAX($U$4:$U9)+1,"") -> 0 | V10: =IF(AND($R10="Não",$Q10<>"",$Q10<=Hoje+JanelaRet,$Q10>=Hoje-60),MAX($V$4:$V9)+1,"") -> 0
A11: 46206 | B11: 0.35416667 | C11: Profissional B | D11: P008 | E11: Sessão | F11: Compareceu | J11: =IF($D11="","",IFERROR(INDEX(PacNome,MATCH($D11,PacCod,0)),"Paciente não cadastrado")) -> Paciente 008 | K11: =IF($D11="","",IFERROR(INDEX(PacConv,MATCH($D11,PacCod,0))&"","")) -> Particular | L11: =IF($A11="","",CHOOSE(WEEKDAY($A11,2),"Seg","Ter","Qua","Qui","Sex","Sáb","Dom")) -> Sex | M11: =IF($E11="","",IF($G11<>"",$G11,IFERROR(INDEX(ProcValor,MATCH($E11,ProcNome,0)),0))) -> 140 | N11: =IF($M11="","",IF($F11="Compareceu",$M11,0)) -> 140 | O11: =IF($M11="","",IF($F11="Faltou",$M11,0)) -> 0 | P11: =IF($M11="","",IF($F11="Compareceu",MAX(0,$M11-N($H11)),0)) -> 140 | Q11: =IF(AND($F11="Compareceu",$E11<>"",$A11<>""),IF(IFERROR(INDEX(ProcRet,MATCH($E11,ProcNome,0)),0)>0,$A11+INDEX(ProcRet,MATCH($E11,ProcNome,0)),""),"") -> 46213 | R11: =IF($Q11="","",IF(COUNTIFS(AgPac,$D11,AgData,">"&$A11,AgStatus,"<>Cancelado",AgStatus,"<>Remarcado")>0,"Sim","Não")) -> Sim | S11: =IF($A11="","",IF(AND($F11="Agendado",$A11-Hoje>=0,$A11-Hoje<=DiasConf),"CONFIRMAR",IF(AND($A11<Hoje,OR($F11="Agendado",$F11="Confirmado")),"Atualizar status",IF(AND($F11="Compareceu",$P11>0.005),"Cobrar",IF($F11="Faltou","Falta: reagendar",""))))) -> Cobrar | T11: =IF($A11="","",DATE(YEAR($A11),MONTH($A11),1)) -> 46204 | U11: =IF($S11="CONFIRMAR",MAX($U$4:$U10)+1,"") -> 0 | V11: =IF(AND($R11="Não",$Q11<>"",$Q11<=Hoje+JanelaRet,$Q11>=Hoje-60),MAX($V$4:$V10)+1,"") -> 0
A12: 46206 | B12: 0.41666667 | C12: Profissional D | D12: P002 | E12: Revisão | F12: Compareceu | G12: 78 | H12: 78 | I12: Pix | J12: =IF($D12="","",IFERROR(INDEX(PacNome,MATCH($D12,PacCod,0)),"Paciente não cadastrado")) -> Paciente 002 | K12: =IF($D12="","",IFERROR(INDEX(PacConv,MATCH($D12,PacCod,0))&"","")) -> Convênio A | L12: =IF($A12="","",CHOOSE(WEEKDAY($A12,2),"Seg","Ter","Qua","Qui","Sex","Sáb","Dom")) -> Sex | M12: =IF($E12="","",IF($G12<>"",$G12,IFERROR(INDEX(ProcValor,MATCH($E12,ProcNome,0)),0))) -> 78 | N12: =IF($M12="","",IF($F12="Compareceu",$M12,0)) -> 78 | O12: =IF($M12="","",IF($F12="Faltou",$M12,0)) -> 0 | P12: =IF($M12="","",IF($F12="Compareceu",MAX(0,$M12-N($H12)),0)) -> 0 | Q12: =IF(AND($F12="Compareceu",$E12<>"",$A12<>""),IF(IFERROR(INDEX(ProcRet,MATCH($E12,ProcNome,0)),0)>0,$A12+INDEX(ProcRet,MATCH($E12,ProcNome,0)),""),"") -> 46296 | R12: =IF($Q12="","",IF(COUNTIFS(AgPac,$D12,AgData,">"&$A12,AgStatus,"<>Cancelado",AgStatus,"<>Remarcado")>0,"Sim","Não")) -> Sim | S12: =IF($A12="","",IF(AND($F12="Agendado",$A12-Hoje>=0,$A12-Hoje<=DiasConf),"CONFIRMAR",IF(AND($A12<Hoje,OR($F12="Agendado",$F12="Confirmado")),"Atualizar status",IF(AND($F12="Compareceu",$P12>0.005),"Cobrar",IF($F12="Faltou","Falta: reagendar",""))))) -> 0 | T12: =IF($A12="","",DATE(YEAR($A12),MONTH($A12),1)) -> 46204 | U12: =IF($S12="CONFIRMAR",MAX($U$4:$U11)+1,"") -> 0 | V12: =IF(AND($R12="Não",$Q12<>"",$Q12<=Hoje+JanelaRet,$Q12>=Hoje-60),MAX($V$4:$V11)+1,"") -> 0
A13: 46206 | B13: 0.60416667 | C13: Profissional C | D13: P019 | E13: Sessão | F13: Compareceu | H13: 140 | I13: Cartão de débito | J13: =IF($D13="","",IFERROR(INDEX(PacNome,MATCH($D13,PacCod,0)),"Paciente não cadastrado")) -> Paciente 019 | K13: =IF($D13="","",IFERROR(INDEX(PacConv,MATCH($D13,PacCod,0))&"","")) -> Particular | L13: =IF($A13="","",CHOOSE(WEEKDAY($A13,2),"Seg","Ter","Qua","Qui","Sex","Sáb","Dom")) -> Sex | M13: =IF($E13="","",IF($G13<>"",$G13,IFERROR(INDEX(ProcValor,MATCH($E13,ProcNome,0)),0))) -> 140 | N13: =IF($M13="","",IF($F13="Compareceu",$M13,0)) -> 140 | O13: =IF($M13="","",IF($F13="Faltou",$M13,0)) -> 0 | P13: =IF($M13="","",IF($F13="Compareceu",MAX(0,$M13-N($H13)),0)) -> 0 | Q13: =IF(AND($F13="Compareceu",$E13<>"",$A13<>""),IF(IFERROR(INDEX(ProcRet,MATCH($E13,ProcNome,0)),0)>0,$A13+INDEX(ProcRet,MATCH($E13,ProcNome,0)),""),"") -> 46213 | R13: =IF($Q13="","",IF(COUNTIFS(AgPac,$D13,AgData,">"&$A13,AgStatus,"<>Cancelado",AgStatus,"<>Remarcado")>0,"Sim","Não")) -> Sim | S13: =IF($A13="","",IF(AND($F13="Agendado",$A13-Hoje>=0,$A13-Hoje<=DiasConf),"CONFIRMAR",IF(AND($A13<Hoje,OR($F13="Agendado",$F13="Confirmado")),"Atualizar status",IF(AND($F13="Compareceu",$P13>0.005),"Cobrar",IF($F13="Faltou","Falta: reagendar",""))))) -> 0 | T13: =IF($A13="","",DATE(YEAR($A13),MONTH($A13),1)) -> 46204 | U13: =IF($S13="CONFIRMAR",MAX($U$4:$U12)+1,"") -> 0 | V13: =IF(AND($R13="Não",$Q13<>"",$Q13<=Hoje+JanelaRet,$Q13>=Hoje-60),MAX($V$4:$V12)+1,"") -> 0
A14: 46206 | B14: 0.6875 | C14: Profissional A | D14: P011 | E14: Sessão | F14: Compareceu | G14: 84 | H14: 84 | I14: Cartão de crédito | J14: =IF($D14="","",IFERROR(INDEX(PacNome,MATCH($D14,PacCod,0)),"Paciente não cadastrado")) -> Paciente 011 | K14: =IF($D14="","",IFERROR(INDEX(PacConv,MATCH($D14,PacCod,0))&"","")) -> Convênio A | L14: =IF($A14="","",CHOOSE(WEEKDAY($A14,2),"Seg","Ter","Qua","Qui","Sex","Sáb","Dom")) -> Sex | M14: =IF($E14="","",IF($G14<>"",$G14,IFERROR(INDEX(ProcValor,MATCH($E14,ProcNome,0)),0))) -> 84 | N14: =IF($M14="","",IF($F14="Compareceu",$M14,0)) -> 84 | O14: =IF($M14="","",IF($F14="Faltou",$M14,0)) -> 0 | P14: =IF($M14="","",IF($F14="Compareceu",MAX(0,$M14-N($H14)),0)) -> 0 | Q14: =IF(AND($F14="Compareceu",$E14<>"",$A14<>""),IF(IFERROR(INDEX(ProcRet,MATCH($E14,ProcNome,0)),0)>0,$A14+INDEX(ProcRet,MATCH($E14,ProcNome,0)),""),"") -> 46213 | R14: =IF($Q14="","",IF(COUNTIFS(AgPac,$D14,AgData,">"&$A14,AgStatus,"<>Cancelado",AgStatus,"<>Remarcado")>0,"Sim","Não")) -> Sim | S14: =IF($A14="","",IF(AND($F14="Agendado",$A14-Hoje>=0,$A14-Hoje<=DiasConf),"CONFIRMAR",IF(AND($A14<Hoje,OR($F14="Agendado",$F14="Confirmado")),"Atualizar status",IF(AND($F14="Compareceu",$P14>0.005),"Cobrar",IF($F14="Faltou","Falta: reagendar",""))))) -> 0 | T14: =IF($A14="","",DATE(YEAR($A14),MONTH($A14),1)) -> 46204 | U14: =IF($S14="CONFIRMAR",MAX($U$4:$U13)+1,"") -> 0 | V14: =IF(AND($R14="Não",$Q14<>"",$Q14<=Hoje+JanelaRet,$Q14>=Hoje-60),MAX($V$4:$V13)+1,"") -> 0
A15: 46207 | B15: 0.41666667 | C15: Profissional C | D15: P018 | E15: Sessão | F15: Faltou | J15: =IF($D15="","",IFERROR(INDEX(PacNome,MATCH($D15,PacCod,0)),"Paciente não cadastrado")) -> Paciente 018 | K15: =IF($D15="","",IFERROR(INDEX(PacConv,MATCH($D15,PacCod,0))&"","")) -> Particular | L15: =IF($A15="","",CHOOSE(WEEKDAY($A15,2),"Seg","Ter","Qua","Qui","Sex","Sáb","Dom")) -> Sáb | M15: =IF($E15="","",IF($G15<>"",$G15,IFERROR(INDEX(ProcValor,MATCH($E15,ProcNome,0)),0))) -> 140 | N15: =IF($M15="","",IF($F15="Compareceu",$M15,0)) -> 0 | O15: =IF($M15="","",IF($F15="Faltou",$M15,0)) -> 140 | P15: =IF($M15="","",IF($F15="Compareceu",MAX(0,$M15-N($H15)),0)) -> 0 | Q15: =IF(AND($F15="Compareceu",$E15<>"",$A15<>""),IF(IFERROR(INDEX(ProcRet,MATCH($E15,ProcNome,0)),0)>0,$A15+INDEX(ProcRet,MATCH($E15,ProcNome,0)),""),"") -> 0 | R15: =IF($Q15="","",IF(COUNTIFS(AgPac,$D15,AgData,">"&$A15,AgStatus,"<>Cancelado",AgStatus,"<>Remarcado")>0,"Sim","Não")) -> 0 | S15: =IF($A15="","",IF(AND($F15="Agendado",$A15-Hoje>=0,$A15-Hoje<=DiasConf),"CONFIRMAR",IF(AND($A15<Hoje,OR($F15="Agendado",$F15="Confirmado")),"Atualizar status",IF(AND($F15="Compareceu",$P15>0.005),"Cobrar",IF($F15="Faltou","Falta: reagendar",""))))) -> Falta: reagendar | T15: =IF($A15="","",DATE(YEAR($A15),MONTH($A15),1)) -> 46204 | U15: =IF($S15="CONFIRMAR",MAX($U$4:$U14)+1,"") -> 0 | V15: =IF(AND($R15="Não",$Q15<>"",$Q15<=Hoje+JanelaRet,$Q15>=Hoje-60),MAX($V$4:$V14)+1,"") -> 0
A16: 46207 | B16: 0.70833333 | C16: Profissional D | D16: P039 | E16: Retorno | F16: Compareceu | H16: 150 | I16: Dinheiro | J16: =IF($D16="","",IFERROR(INDEX(PacNome,MATCH($D16,PacCod,0)),"Paciente não cadastrado")) -> Paciente 039 | K16: =IF($D16="","",IFERROR(INDEX(PacConv,MATCH($D16,PacCod,0))&"","")) -> Particular | L16: =IF($A16="","",CHOOSE(WEEKDAY($A16,2),"Seg","Ter","Qua","Qui","Sex","Sáb","Dom")) -> Sáb | M16: =IF($E16="","",IF($G16<>"",$G16,IFERROR(INDEX(ProcValor,MATCH($E16,ProcNome,0)),0))) -> 150 | N16: =IF($M16="","",IF($F16="Compareceu",$M16,0)) -> 150 | O16: =IF($M16="","",IF($F16="Faltou",$M16,0)) -> 0 | P16: =IF($M16="","",IF($F16="Compareceu",MAX(0,$M16-N($H16)),0)) -> 0 | Q16: =IF(AND($F16="Compareceu",$E16<>"",$A16<>""),IF(IFERROR(INDEX(ProcRet,MATCH($E16,ProcNome,0)),0)>0,$A16+INDEX(ProcRet,MATCH($E16,ProcNome,0)),""),"") -> 0 | R16: =IF($Q16="","",IF(COUNTIFS(AgPac,$D16,AgData,">"&$A16,AgStatus,"<>Cancelado",AgStatus,"<>Remarcado")>0,"Sim","Não")) -> 0 | S16: =IF($A16="","",IF(AND($F16="Agendado",$A16-Hoje>=0,$A16-Hoje<=DiasConf),"CONFIRMAR",IF(AND($A16<Hoje,OR($F16="Agendado",$F16="Confirmado")),"Atualizar status",IF(AND($F16="Compareceu",$P16>0.005),"Cobrar",IF($F16="Faltou","Falta: reagendar",""))))) -> 0 | T16: =IF($A16="","",DATE(YEAR($A16),MONTH($A16),1)) -> 46204 | U16: =IF($S16="CONFIRMAR",MAX($U$4:$U15)+1,"") -> 0 | V16: =IF(AND($R16="Não",$Q16<>"",$Q16<=Hoje+JanelaRet,$Q16>=Hoje-60),MAX($V$4:$V15)+1,"") -> 0
A17: 46209 | B17: 0.375 | C17: Profissional C | D17: P034 | E17: Sessão | F17: Compareceu | H17: 140 | I17: Dinheiro | J17: =IF($D17="","",IFERROR(INDEX(PacNome,MATCH($D17,PacCod,0)),"Paciente não cadastrado")) -> Paciente 034 | K17: =IF($D17="","",IFERROR(INDEX(PacConv,MATCH($D17,PacCod,0))&"","")) -> Particular | L17: =IF($A17="","",CHOOSE(WEEKDAY($A17,2),"Seg","Ter","Qua","Qui","Sex","Sáb","Dom")) -> Seg | M17: =IF($E17="","",IF($G17<>"",$G17,IFERROR(INDEX(ProcValor,MATCH($E17,ProcNome,0)),0))) -> 140 | N17: =IF($M17="","",IF($F17="Compareceu",$M17,0)) -> 140 | O17: =IF($M17="","",IF($F17="Faltou",$M17,0)) -> 0 | P17: =IF($M17="","",IF($F17="Compareceu",MAX(0,$M17-N($H17)),0)) -> 0 | Q17: =IF(AND($F17="Compareceu",$E17<>"",$A17<>""),IF(IFERROR(INDEX(ProcRet,MATCH($E17,ProcNome,0)),0)>0,$A17+INDEX(ProcRet,MATCH($E17,ProcNome,0)),""),"") -> 46216 | R17: =IF($Q17="","",IF(COUNTIFS(AgPac,$D17,AgData,">"&$A17,AgStatus,"<>Cancelado",AgStatus,"<>Remarcado")>0,"Sim","Não")) -> Sim | S17: =IF($A17="","",IF(AND($F17="Agendado",$A17-Hoje>=0,$A17-Hoje<=DiasConf),"CONFIRMAR",IF(AND($A17<Hoje,OR($F17="Agendado",$F17="Confirmado")),"Atualizar status",IF(AND($F17="Compareceu",$P17>0.005),"Cobrar",IF($F17="Faltou","Falta: reagendar",""))))) -> 0 | T17: =IF($A17="","",DATE(YEAR($A17),MONTH($A17),1)) -> 46204 | U17: =IF($S17="CONFIRMAR",MAX($U$4:$U16)+1,"") -> 0 | V17: =IF(AND($R17="Não",$Q17<>"",$Q17<=Hoje+JanelaRet,$Q17>=Hoje-60),MAX($V$4:$V16)+1,"") -> 0
A18: 46209 | B18: 0.47916667 | C18: Profissional B | D18: P022 | E18: Sessão | F18: Compareceu | G18: 84 | H18: 84 | I18: Transferência | J18: =IF($D18="","",IFERROR(INDEX(PacNome,MATCH($D18,PacCod,0)),"Paciente não cadastrado")) -> Paciente 022 | K18: =IF($D18="","",IFERROR(INDEX(PacConv,MATCH($D18,PacCod,0))&"","")) -> Convênio A | L18: =IF($A18="","",CHOOSE(WEEKDAY($A18,2),"Seg","Ter","Qua","Qui","Sex","Sáb","Dom")) -> Seg | M18: =IF($E18="","",IF($G18<>"",$G18,IFERROR(INDEX(ProcValor,MATCH($E18,ProcNome,0)),0))) -> 84 | N18: =IF($M18="","",IF($F18="Compareceu",$M18,0)) -> 84 | O18: =IF($M18="","",IF($F18="Faltou",$M18,0)) -> 0 | P18: =IF($M18="","",IF($F18="Compareceu",MAX(0,$M18-N($H18)),0)) -> 0 | Q18: =IF(AND($F18="Compareceu",$E18<>"",$A18<>""),IF(IFERROR(INDEX(ProcRet,MATCH($E18,ProcNome,0)),0)>0,$A18+INDEX(ProcRet,MATCH($E18,ProcNome,0)),""),"") -> 46216 | R18: =IF($Q18="","",IF(COUNTIFS(AgPac,$D18,AgData,">"&$A18,AgStatus,"<>Cancelado",AgStatus,"<>Remarcado")>0,"Sim","Não")) -> Sim | S18: =IF($A18="","",IF(AND($F18="Agendado",$A18-Hoje>=0,$A18-Hoje<=DiasConf),"CONFIRMAR",IF(AND($A18<Hoje,OR($F18="Agendado",$F18="Confirmado")),"Atualizar status",IF(AND($F18="Compareceu",$P18>0.005),"Cobrar",IF($F18="Faltou","Falta: reagendar",""))))) -> 0 | T18: =IF($A18="","",DATE(YEAR($A18),MONTH($A18),1)) -> 46204 | U18: =IF($S18="CONFIRMAR",MAX($U$4:$U17)+1,"") -> 0 | V18: =IF(AND($R18="Não",$Q18<>"",$Q18<=Hoje+JanelaRet,$Q18>=Hoje-60),MAX($V$4:$V17)+1,"") -> 0
A19: 46209 | B19: 0.58333333 | C19: Profissional B | D19: P006 | E19: Sessão | F19: Compareceu | G19: 84 | H19: 84 | I19: Pix | J19: =IF($D19="","",IFERROR(INDEX(PacNome,MATCH($D19,PacCod,0)),"Paciente não cadastrado")) -> Paciente 006 | K19: =IF($D19="","",IFERROR(INDEX(PacConv,MATCH($D19,PacCod,0))&"","")) -> Convênio B | L19: =IF($A19="","",CHOOSE(WEEKDAY($A19,2),"Seg","Ter","Qua","Qui","Sex","Sáb","Dom")) -> Seg | M19: =IF($E19="","",IF($G19<>"",$G19,IFERROR(INDEX(ProcValor,MATCH($E19,ProcNome,0)),0))) -> 84 | N19: =IF($M19="","",IF($F19="Compareceu",$M19,0)) -> 84 | O19: =IF($M19="","",IF($F19="Faltou",$M19,0)) -> 0 | P19: =IF($M19="","",IF($F19="Compareceu",MAX(0,$M19-N($H19)),0)) -> 0 | Q19: =IF(AND($F19="Compareceu",$E19<>"",$A19<>""),IF(IFERROR(INDEX(ProcRet,MATCH($E19,ProcNome,0)),0)>0,$A19+INDEX(ProcRet,MATCH($E19,ProcNome,0)),""),"") -> 46216 | R19: =IF($Q19="","",IF(COUNTIFS(AgPac,$D19,AgData,">"&$A19,AgStatus,"<>Cancelado",AgStatus,"<>Remarcado")>0,"Sim","Não")) -> Sim | S19: =IF($A19="","",IF(AND($F19="Agendado",$A19-Hoje>=0,$A19-Hoje<=DiasConf),"CONFIRMAR",IF(AND($A19<Hoje,OR($F19="Agendado",$F19="Confirmado")),"Atualizar status",IF(AND($F19="Compareceu",$P19>0.005),"Cobrar",IF($F19="Faltou","Falta: reagendar",""))))) -> 0 | T19: =IF($A19="","",DATE(YEAR($A19),MONTH($A19),1)) -> 46204 | U19: =IF($S19="CONFIRMAR",MAX($U$4:$U18)+1,"") -> 0 | V19: =IF(AND($R19="Não",$Q19<>"",$Q19<=Hoje+JanelaRet,$Q19>=Hoje-60),MAX($V$4:$V18)+1,"") -> 0
A20: 46210 | B20: 0.4375 | C20: Profissional C | D20: P042 | E20: Exame complementar | F20: Compareceu | H20: 90 | I20: Cartão de crédito | J20: =IF($D20="","",IFERROR(INDEX(PacNome,MATCH($D20,PacCod,0)),"Paciente não cadastrado")) -> Paciente 042 | K20: =IF($D20="","",IFERROR(INDEX(PacConv,MATCH($D20,PacCod,0))&"","")) -> Particular | L20: =IF($A20="","",CHOOSE(WEEKDAY($A20,2),"Seg","Ter","Qua","Qui","Sex","Sáb","Dom")) -> Ter | M20: =IF($E20="","",IF($G20<>"",$G20,IFERROR(INDEX(ProcValor,MATCH($E20,ProcNome,0)),0))) -> 90 | N20: =IF($M20="","",IF($F20="Compareceu",$M20,0)) -> 90 | O20: =IF($M20="","",IF($F20="Faltou",$M20,0)) -> 0 | P20: =IF($M20="","",IF($F20="Compareceu",MAX(0,$M20-N($H20)),0)) -> 0 | Q20: =IF(AND($F20="Compareceu",$E20<>"",$A20<>""),IF(IFERROR(INDEX(ProcRet,MATCH($E20,ProcNome,0)),0)>0,$A20+INDEX(ProcRet,MATCH($E20,ProcNome,0)),""),"") -> 0 | R20: =IF($Q20="","",IF(COUNTIFS(AgPac,$D20,AgData,">"&$A20,AgStatus,"<>Cancelado",AgStatus,"<>Remarcado")>0,"Sim","Não")) -> 0 | S20: =IF($A20="","",IF(AND($F20="Agendado",$A20-Hoje>=0,$A20-Hoje<=DiasConf),"CONFIRMAR",IF(AND($A20<Hoje,OR($F20="Agendado",$F20="Confirmado")),"Atualizar status",IF(AND($F20="Compareceu",$P20>0.005),"Cobrar",IF($F20="Faltou","Falta: reagendar",""))))) -> 0 | T20: =IF($A20="","",DATE(YEAR($A20),MONTH($A20),1)) -> 46204 | U20: =IF($S20="CONFIRMAR",MAX($U$4:$U19)+1,"") -> 0 | V20: =IF(AND($R20="Não",$Q20<>"",$Q20<=Hoje+JanelaRet,$Q20>=Hoje-60),MAX($V$4:$V19)+1,"") -> 0
A21: 46210 | B21: 0.58333333 | C21: Profissional C | D21: P041 | E21: Avaliação | F21: Compareceu | G21: 72 | H21: 72 | I21: Pix | J21: =IF($D21="","",IFERROR(INDEX(PacNome,MATCH($D21,PacCod,0)),"Paciente não cadastrado")) -> Paciente 041 | K21: =IF($D21="","",IFERROR(INDEX(PacConv,MATCH($D21,PacCod,0))&"","")) -> Convênio B | L21: =IF($A21="","",CHOOSE(WEEKDAY($A21,2),"Seg","Ter","Qua","Qui","Sex","Sáb","Dom")) -> Ter | M21: =IF($E21="","",IF($G21<>"",$G21,IFERROR(INDEX(ProcValor,MATCH($E21,ProcNome,0)),0))) -> 72 | N21: =IF($M21="","",IF($F21="Compareceu",$M21,0)) -> 72 | O21: =IF($M21="","",IF($F21="Faltou",$M21,0)) -> 0 | P21: =IF($M21="","",IF($F21="Compareceu",MAX(0,$M21-N($H21)),0)) -> 0 | Q21: =IF(AND($F21="Compareceu",$E21<>"",$A21<>""),IF(IFERROR(INDEX(ProcRet,MATCH($E21,ProcNome,0)),0)>0,$A21+INDEX(ProcRet,MATCH($E21,ProcNome,0)),""),"") -> 46240 | R21: =IF($Q21="","",IF(COUNTIFS(AgPac,$D21,AgData,">"&$A21,AgStatus,"<>Cancelado",AgStatus,"<>Remarcado")>0,"Sim","Não")) -> Sim | S21: =IF($A21="","",IF(AND($F21="Agendado",$A21-Hoje>=0,$A21-Hoje<=DiasConf),"CONFIRMAR",IF(AND($A21<Hoje,OR($F21="Agendado",$F21="Confirmado")),"Atualizar status",IF(AND($F21="Compareceu",$P21>0.005),"Cobrar",IF($F21="Faltou","Falta: reagendar",""))))) -> 0 | T21: =IF($A21="","",DATE(YEAR($A21),MONTH($A21),1)) -> 46204 | U21: =IF($S21="CONFIRMAR",MAX($U$4:$U20)+1,"") -> 0 | V21: =IF(AND($R21="Não",$Q21<>"",$Q21<=Hoje+JanelaRet,$Q21>=Hoje-60),MAX($V$4:$V20)+1,"") -> 0
A22: 46210 | B22: 0.72916667 | C22: Profissional D | D22: P042 | E22: Revisão | F22: Compareceu | H22: 130 | I22: Cartão de crédito | J22: =IF($D22="","",IFERROR(INDEX(PacNome,MATCH($D22,PacCod,0)),"Paciente não cadastrado")) -> Paciente 042 | K22: =IF($D22="","",IFERROR(INDEX(PacConv,MATCH($D22,PacCod,0))&"","")) -> Particular | L22: =IF($A22="","",CHOOSE(WEEKDAY($A22,2),"Seg","Ter","Qua","Qui","Sex","Sáb","Dom")) -> Ter | M22: =IF($E22="","",IF($G22<>"",$G22,IFERROR(INDEX(ProcValor,MATCH($E22,ProcNome,0)),0))) -> 130 | N22: =IF($M22="","",IF($F22="Compareceu",$M22,0)) -> 130 | O22: =IF($M22="","",IF($F22="Faltou",$M22,0)) -> 0 | P22: =IF($M22="","",IF($F22="Compareceu",MAX(0,$M22-N($H22)),0)) -> 0 | Q22: =IF(AND($F22="Compareceu",$E22<>"",$A22<>""),IF(IFERROR(INDEX(ProcRet,MATCH($E22,ProcNome,0)),0)>0,$A22+INDEX(ProcRet,MATCH($E22,ProcNome,0)),""),"") -> 46300 | R22: =IF($Q22="","",IF(COUNTIFS(AgPac,$D22,AgData,">"&$A22,AgStatus,"<>Cancelado",AgStatus,"<>Remarcado")>0,"Sim","Não")) -> Sim | S22: =IF($A22="","",IF(AND($F22="Agendado",$A22-Hoje>=0,$A22-Hoje<=DiasConf),"CONFIRMAR",IF(AND($A22<Hoje,OR($F22="Agendado",$F22="Confirmado")),"Atualizar status",IF(AND($F22="Compareceu",$P22>0.005),"Cobrar",IF($F22="Faltou","Falta: reagendar",""))))) -> 0 | T22: =IF($A22="","",DATE(YEAR($A22),MONTH($A22),1)) -> 46204 | U22: =IF($S22="CONFIRMAR",MAX($U$4:$U21)+1,"") -> 0 | V22: =IF(AND($R22="Não",$Q22<>"",$Q22<=Hoje+JanelaRet,$Q22>=Hoje-60),MAX($V$4:$V21)+1,"") -> 0
A23: 46211 | B23: 0.375 | C23: Profissional B | D23: P003 | E23: Revisão | F23: Compareceu | H23: 130 | I23: Cartão de débito | J23: =IF($D23="","",IFERROR(INDEX(PacNome,MATCH($D23,PacCod,0)),"Paciente não cadastrado")) -> Paciente 003 | K23: =IF($D23="","",IFERROR(INDEX(PacConv,MATCH($D23,PacCod,0))&"","")) -> Particular | L23: =IF($A23="","",CHOOSE(WEEKDAY($A23,2),"Seg","Ter","Qua","Qui","Sex","Sáb","Dom")) -> Qua | M23: =IF($E23="","",IF($G23<>"",$G23,IFERROR(INDEX(ProcValor,MATCH($E23,ProcNome,0)),0))) -> 130 | N23: =IF($M23="","",IF($F23="Compareceu",$M23,0)) -> 130 | O23: =IF($M23="","",IF($F23="Faltou",$M23,0)) -> 0 | P23: =IF($M23="","",IF($F23="Compareceu",MAX(0,$M23-N($H23)),0)) -> 0 | Q23: =IF(AND($F23="Compareceu",$E23<>"",$A23<>""),IF(IFERROR(INDEX(ProcRet,MATCH($E23,ProcNome,0)),0)>0,$A23+INDEX(ProcRet,MATCH($E23,ProcNome,0)),""),"") -> 46301 | R23: =IF($Q23="","",IF(COUNTIFS(AgPac,$D23,AgData,">"&$A23,AgStatus,"<>Cancelado",AgStatus,"<>Remarcado")>0,"Sim","Não")) -> Sim | S23: =IF($A23="","",IF(AND($F23="Agendado",$A23-Hoje>=0,$A23-Hoje<=DiasConf),"CONFIRMAR",IF(AND($A23<Hoje,OR($F23="Agendado",$F23="Confirmado")),"Atualizar status",IF(AND($F23="Compareceu",$P23>0.005),"Cobrar",IF($F23="Faltou","Falta: reagendar",""))))) -> 0 | T23: =IF($A23="","",DATE(YEAR($A23),MONTH($A23),1)) -> 46204 | U23: =IF($S23="CONFIRMAR",MAX($U$4:$U22)+1,"") -> 0 | V23: =IF(AND($R23="Não",$Q23<>"",$Q23<=Hoje+JanelaRet,$Q23>=Hoje-60),MAX($V$4:$V22)+1,"") -> 0
A24: 46211 | B24: 0.4375 | C24: Profissional C | D24: P038 | E24: Procedimento A | F24: Compareceu | G24: 210 | H24: 210 | I24: Pix | J24: =IF($D24="","",IFERROR(INDEX(PacNome,MATCH($D24,PacCod,0)),"Paciente não cadastrado")) -> Paciente 038 | K24: =IF($D24="","",IFERROR(INDEX(PacConv,MATCH($D24,PacCod,0))&"","")) -> Convênio A | L24: =IF($A24="","",CHOOSE(WEEKDAY($A24,2),"Seg","Ter","Qua","Qui","Sex","Sáb","Dom")) -> Qua | M24: =IF($E24="","",IF($G24<>"",$G24,IFERROR(INDEX(ProcValor,MATCH($E24,ProcNome,0)),0))) -> 210 | N24: =IF($M24="","",IF($F24="Compareceu",$M24,0)) -> 210 | O24: =IF($M24="","",IF($F24="Faltou",$M24,0)) -> 0 | P24: =IF($M24="","",IF($F24="Compareceu",MAX(0,$M24-N($H24)),0)) -> 0 | Q24: =IF(AND($F24="Compareceu",$E24<>"",$A24<>""),IF(IFERROR(INDEX(ProcRet,MATCH($E24,ProcNome,0)),0)>0,$A24+INDEX(ProcRet,MATCH($E24,ProcNome,0)),""),"") -> 46226 | R24: =IF($Q24="","",IF(COUNTIFS(AgPac,$D24,AgData,">"&$A24,AgStatus,"<>Cancelado",AgStatus,"<>Remarcado")>0,"Sim","Não")) -> Sim | S24: =IF($A24="","",IF(AND($F24="Agendado",$A24-Hoje>=0,$A24-Hoje<=DiasConf),"CONFIRMAR",IF(AND($A24<Hoje,OR($F24="Agendado",$F24="Confirmado")),"Atualizar status",IF(AND($F24="Compareceu",$P24>0.005),"Cobrar",IF($F24="Faltou","Falta: reagendar",""))))) -> 0 | T24: =IF($A24="","",DATE(YEAR($A24),MONTH($A24),1)) -> 46204 | U24: =IF($S24="CONFIRMAR",MAX($U$4:$U23)+1,"") -> 0 | V24: =IF(AND($R24="Não",$Q24<>"",$Q24<=Hoje+JanelaRet,$Q24>=Hoje-60),MAX($V$4:$V23)+1,"") -> 0
A25: 46211 | B25: 0.625 | C25: Profissional D | D25: P044 | E25: Sessão | F25: Compareceu | H25: 140 | I25: Cartão de débito | J25: =IF($D25="","",IFERROR(INDEX(PacNome,MATCH($D25,PacCod,0)),"Paciente não cadastrado")) -> Paciente 044 | K25: =IF($D25="","",IFERROR(INDEX(PacConv,MATCH($D25,PacCod,0))&"","")) -> Particular | L25: =IF($A25="","",CHOOSE(WEEKDAY($A25,2),"Seg","Ter","Qua","Qui","Sex","Sáb","Dom")) -> Qua | M25: =IF($E25="","",IF($G25<>"",$G25,IFERROR(INDEX(ProcValor,MATCH($E25,ProcNome,0)),0))) -> 140 | N25: =IF($M25="","",IF($F25="Compareceu",$M25,0)) -> 140 | O25: =IF($M25="","",IF($F25="Faltou",$M25,0)) -> 0 | P25: =IF($M25="","",IF($F25="Compareceu",MAX(0,$M25-N($H25)),0)) -> 0 | Q25: =IF(AND($F25="Compareceu",$E25<>"",$A25<>""),IF(IFERROR(INDEX(ProcRet,MATCH($E25,ProcNome,0)),0)>0,$A25+INDEX(ProcRet,MATCH($E25,ProcNome,0)),""),"") -> 46218 | R25: =IF($Q25="","",IF(COUNTIFS(AgPac,$D25,AgData,">"&$A25,AgStatus,"<>Cancelado",AgStatus,"<>Remarcado")>0,"Sim","Não")) -> Sim | S25: =IF($A25="","",IF(AND($F25="Agendado",$A25-Hoje>=0,$A25-Hoje<=DiasConf),"CONFIRMAR",IF(AND($A25<Hoje,OR($F25="Agendado",$F25="Confirmado")),"Atualizar status",IF(AND($F25="Compareceu",$P25>0.005),"Cobrar",IF($F25="Faltou","Falta: reagendar",""))))) -> 0 | T25: =IF($A25="","",DATE(YEAR($A25),MONTH($A25),1)) -> 46204 | U25: =IF($S25="CONFIRMAR",MAX($U$4:$U24)+1,"") -> 0 | V25: =IF(AND($R25="Não",$Q25<>"",$Q25<=Hoje+JanelaRet,$Q25>=Hoje-60),MAX($V$4:$V24)+1,"") -> 0
A26: 46212 | B26: 0.33333333 | C26: Profissional A | D26: P002 | E26: Avaliação | F26: Compareceu | G26: 72 | H26: 36 | I26: Dinheiro | J26: =IF($D26="","",IFERROR(INDEX(PacNome,MATCH($D26,PacCod,0)),"Paciente não cadastrado")) -> Paciente 002 | K26: =IF($D26="","",IFERROR(INDEX(PacConv,MATCH($D26,PacCod,0))&"","")) -> Convênio A | L26: =IF($A26="","",CHOOSE(WEEKDAY($A26,2),"Seg","Ter","Qua","Qui","Sex","Sáb","Dom")) -> Qui | M26: =IF($E26="","",IF($G26<>"",$G26,IFERROR(INDEX(ProcValor,MATCH($E26,ProcNome,0)),0))) -> 72 | N26: =IF($M26="","",IF($F26="Compareceu",$M26,0)) -> 72 | O26: =IF($M26="","",IF($F26="Faltou",$M26,0)) -> 0 | P26: =IF($M26="","",IF($F26="Compareceu",MAX(0,$M26-N($H26)),0)) -> 36 | Q26: =IF(AND($F26="Compareceu",$E26<>"",$A26<>""),IF(IFERROR(INDEX(ProcRet,MATCH($E26,ProcNome,0)),0)>0,$A26+INDEX(ProcRet,MATCH($E26,ProcNome,0)),""),"") -> 46242 | R26: =IF($Q26="","",IF(COUNTIFS(AgPac,$D26,AgData,">"&$A26,AgStatus,"<>Cancelado",AgStatus,"<>Remarcado")>0,"Sim","Não")) -> Sim | S26: =IF($A26="","",IF(AND($F26="Agendado",$A26-Hoje>=0,$A26-Hoje<=DiasConf),"CONFIRMAR",IF(AND($A26<Hoje,OR($F26="Agendado",$F26="Confirmado")),"Atualizar status",IF(AND($F26="Compareceu",$P26>0.005),"Cobrar",IF($F26="Faltou","Falta: reagendar",""))))) -> Cobrar | T26: =IF($A26="","",DATE(YEAR($A26),MONTH($A26),1)) -> 46204 | U26: =IF($S26="CONFIRMAR",MAX($U$4:$U25)+1,"") -> 0 | V26: =IF(AND($R26="Não",$Q26<>"",$Q26<=Hoje+JanelaRet,$Q26>=Hoje-60),MAX($V$4:$V25)+1,"") -> 0
A27: 46212 | B27: 0.4375 | C27: Profissional A | D27: P036 | E27: Limpeza / manutenção | F27: Compareceu | G27: 108 | H27: 108 | I27: Dinheiro | J27: =IF($D27="","",IFERROR(INDEX(PacNome,MATCH($D27,PacCod,0)),"Paciente não cadastrado")) -> Paciente 036 | K27: =IF($D27="","",IFERROR(INDEX(PacConv,MATCH($D27,PacCod,0))&"","")) -> Convênio B | L27: =IF($A27="","",CHOOSE(WEEKDAY($A27,2),"Seg","Ter","Qua","Qui","Sex","Sáb","Dom")) -> Qui | M27: =IF($E27="","",IF($G27<>"",$G27,IFERROR(INDEX(ProcValor,MATCH($E27,ProcNome,0)),0))) -> 108 | N27: =IF($M27="","",IF($F27="Compareceu",$M27,0)) -> 108 | O27: =IF($M27="","",IF($F27="Faltou",$M27,0)) -> 0 | P27: =IF($M27="","",IF($F27="Compareceu",MAX(0,$M27-N($H27)),0)) -> 0 | Q27: =IF(AND($F27="Compareceu",$E27<>"",$A27<>""),IF(IFERROR(INDEX(ProcRet,MATCH($E27,ProcNome,0)),0)>0,$A27+INDEX(ProcRet,MATCH($E27,ProcNome,0)),""),"") -> 46392 | R27: =IF($Q27="","",IF(COUNTIFS(AgPac,$D27,AgData,">"&$A27,AgStatus,"<>Cancelado",AgStatus,"<>Remarcado")>0,"Sim","Não")) -> Sim | S27: =IF($A27="","",IF(AND($F27="Agendado",$A27-Hoje>=0,$A27-Hoje<=DiasConf),"CONFIRMAR",IF(AND($A27<Hoje,OR($F27="Agendado",$F27="Confirmado")),"Atualizar status",IF(AND($F27="Compareceu",$P27>0.005),"Cobrar",IF($F27="Faltou","Falta: reagendar",""))))) -> 0 | T27: =IF($A27="","",DATE(YEAR($A27),MONTH($A27),1)) -> 46204 | U27: =IF($S27="CONFIRMAR",MAX($U$4:$U26)+1,"") -> 0 | V27: =IF(AND($R27="Não",$Q27<>"",$Q27<=Hoje+JanelaRet,$Q27>=Hoje-60),MAX($V$4:$V26)+1,"") -> 0
A28: 46212 | B28: 0.52083333 | C28: Profissional A | D28: P032 | E28: Avaliação | F28: Compareceu | G28: 72 | H28: 72 | I28: Dinheiro | J28: =IF($D28="","",IFERROR(INDEX(PacNome,MATCH($D28,PacCod,0)),"Paciente não cadastrado")) -> Paciente 032 | K28: =IF($D28="","",IFERROR(INDEX(PacConv,MATCH($D28,PacCod,0))&"","")) -> Convênio A | L28: =IF($A28="","",CHOOSE(WEEKDAY($A28,2),"Seg","Ter","Qua","Qui","Sex","Sáb","Dom")) -> Qui | M28: =IF($E28="","",IF($G28<>"",$G28,IFERROR(INDEX(ProcValor,MATCH($E28,ProcNome,0)),0))) -> 72 | N28: =IF($M28="","",IF($F28="Compareceu",$M28,0)) -> 72 | O28: =IF($M28="","",IF($F28="Faltou",$M28,0)) -> 0 | P28: =IF($M28="","",IF($F28="Compareceu",MAX(0,$M28-N($H28)),0)) -> 0 | Q28: =IF(AND($F28="Compareceu",$E28<>"",$A28<>""),IF(IFERROR(INDEX(ProcRet,MATCH($E28,ProcNome,0)),0)>0,$A28+INDEX(ProcRet,MATCH($E28,ProcNome,0)),""),"") -> 46242 | R28: =IF($Q28="","",IF(COUNTIFS(AgPac,$D28,AgData,">"&$A28,AgStatus,"<>Cancelado",AgStatus,"<>Remarcado")>0,"Sim","Não")) -> Sim | S28: =IF($A28="","",IF(AND($F28="Agendado",$A28-Hoje>=0,$A28-Hoje<=DiasConf),"CONFIRMAR",IF(AND($A28<Hoje,OR($F28="Agendado",$F28="Confirmado")),"Atualizar status",IF(AND($F28="Compareceu",$P28>0.005),"Cobrar",IF($F28="Faltou","Falta: reagendar",""))))) -> 0 | T28: =IF($A28="","",DATE(YEAR($A28),MONTH($A28),1)) -> 46204 | U28: =IF($S28="CONFIRMAR",MAX($U$4:$U27)+1,"") -> 0 | V28: =IF(AND($R28="Não",$Q28<>"",$Q28<=Hoje+JanelaRet,$Q28>=Hoje-60),MAX($V$4:$V27)+1,"") -> 0
A29: 46212 | B29: 0.54166667 | C29: Profissional D | D29: P002 | E29: Avaliação | F29: Remarcado | J29: =IF($D29="","",IFERROR(INDEX(PacNome,MATCH($D29,PacCod,0)),"Paciente não cadastrado")) -> Paciente 002 | K29: =IF($D29="","",IFERROR(INDEX(PacConv,MATCH($D29,PacCod,0))&"","")) -> Convênio A | L29: =IF($A29="","",CHOOSE(WEEKDAY($A29,2),"Seg","Ter","Qua","Qui","Sex","Sáb","Dom")) -> Qui | M29: =IF($E29="","",IF($G29<>"",$G29,IFERROR(INDEX(ProcValor,MATCH($E29,ProcNome,0)),0))) -> 120 | N29: =IF($M29="","",IF($F29="Compareceu",$M29,0)) -> 0 | O29: =IF($M29="","",IF($F29="Faltou",$M29,0)) -> 0 | P29: =IF($M29="","",IF($F29="Compareceu",MAX(0,$M29-N($H29)),0)) -> 0 | Q29: =IF(AND($F29="Compareceu",$E29<>"",$A29<>""),IF(IFERROR(INDEX(ProcRet,MATCH($E29,ProcNome,0)),0)>0,$A29+INDEX(ProcRet,MATCH($E29,ProcNome,0)),""),"") -> 0 | R29: =IF($Q29="","",IF(COUNTIFS(AgPac,$D29,AgData,">"&$A29,AgStatus,"<>Cancelado",AgStatus,"<>Remarcado")>0,"Sim","Não")) -> 0 | S29: =IF($A29="","",IF(AND($F29="Agendado",$A29-Hoje>=0,$A29-Hoje<=DiasConf),"CONFIRMAR",IF(AND($A29<Hoje,OR($F29="Agendado",$F29="Confirmado")),"Atualizar status",IF(AND($F29="Compareceu",$P29>0.005),"Cobrar",IF($F29="Faltou","Falta: reagendar",""))))) -> 0 | T29: =IF($A29="","",DATE(YEAR($A29),MONTH($A29),1)) -> 46204 | U29: =IF($S29="CONFIRMAR",MAX($U$4:$U28)+1,"") -> 0 | V29: =IF(AND($R29="Não",$Q29<>"",$Q29<=Hoje+JanelaRet,$Q29>=Hoje-60),MAX($V$4:$V28)+1,"") -> 0
A30: 46213 | B30: 0.35416667 | C30: Profissional A | D30: P025 | E30: Limpeza / manutenção | F30: Compareceu | G30: 108 | J30: =IF($D30="","",IFERROR(INDEX(PacNome,MATCH($D30,PacCod,0)),"Paciente não cadastrado")) -> Paciente 025 | K30: =IF($D30="","",IFERROR(INDEX(PacConv,MATCH($D30,PacCod,0))&"","")) -> Convênio A | L30: =IF($A30="","",CHOOSE(WEEKDAY($A30,2),"Seg","Ter","Qua","Qui","Sex","Sáb","Dom")) -> Sex | M30: =IF($E30="","",IF($G30<>"",$G30,IFERROR(INDEX(ProcValor,MATCH($E30,ProcNome,0)),0))) -> 108 | N30: =IF($M30="","",IF($F30="Compareceu",$M30,0)) -> 108 | O30: =IF($M30="","",IF($F30="Faltou",$M30,0)) -> 0 | P30: =IF($M30="","",IF($F30="Compareceu",MAX(0,$M30-N($H30)),0)) -> 108 | Q30: =IF(AND($F30="Compareceu",$E30<>"",$A30<>""),IF(IFERROR(INDEX(ProcRet,MATCH($E30,ProcNome,0)),0)>0,$A30+INDEX(ProcRet,MATCH($E30,ProcNome,0)),""),"") -> 46393 | R30: =IF($Q30="","",IF(COUNTIFS(AgPac,$D30,AgData,">"&$A30,AgStatus,"<>Cancelado",AgStatus,"<>Remarcado")>0,"Sim","Não")) -> Sim | S30: =IF($A30="","",IF(AND($F30="Agendado",$A30-Hoje>=0,$A30-Hoje<=DiasConf),"CONFIRMAR",IF(AND($A30<Hoje,OR($F30="Agendado",$F30="Confirmado")),"Atualizar status",IF(AND($F30="Compareceu",$P30>0.005),"Cobrar",IF($F30="Faltou","Falta: reagendar",""))))) -> Cobrar | T30: =IF($A30="","",DATE(YEAR($A30),MONTH($A30),1)) -> 46204 | U30: =IF($S30="CONFIRMAR",MAX($U$4:$U29)+1,"") -> 0 | V30: =IF(AND($R30="Não",$Q30<>"",$Q30<=Hoje+JanelaRet,$Q30>=Hoje-60),MAX($V$4:$V29)+1,"") -> 0
A31: 46213 | B31: 0.4375 | C31: Profissional D | D31: P035 | E31: Sessão | F31: Compareceu | H31: 140 | I31: Cartão de débito | J31: =IF($D31="","",IFERROR(INDEX(PacNome,MATCH($D31,PacCod,0)),"Paciente não cadastrado")) -> Paciente 035 | K31: =IF($D31="","",IFERROR(INDEX(PacConv,MATCH($D31,PacCod,0))&"","")) -> Particular | L31: =IF($A31="","",CHOOSE(WEEKDAY($A31,2),"Seg","Ter","Qua","Qui","Sex","Sáb","Dom")) -> Sex | M31: =IF($E31="","",IF($G31<>"",$G31,IFERROR(INDEX(ProcValor,MATCH($E31,ProcNome,0)),0))) -> 140 | N31: =IF($M31="","",IF($F31="Compareceu",$M31,0)) -> 140 | O31: =IF($M31="","",IF($F31="Faltou",$M31,0)) -> 0 | P31: =IF($M31="","",IF($F31="Compareceu",MAX(0,$M31-N($H31)),0)) -> 0 | Q31: =IF(AND($F31="Compareceu",$E31<>"",$A31<>""),IF(IFERROR(INDEX(ProcRet,MATCH($E31,ProcNome,0)),0)>0,$A31+INDEX(ProcRet,MATCH($E31,ProcNome,0)),""),"") -> 46220 | R31: =IF($Q31="","",IF(COUNTIFS(AgPac,$D31,AgData,">"&$A31,AgStatus,"<>Cancelado",AgStatus,"<>Remarcado")>0,"Sim","Não")) -> Sim | S31: =IF($A31="","",IF(AND($F31="Agendado",$A31-Hoje>=0,$A31-Hoje<=DiasConf),"CONFIRMAR",IF(AND($A31<Hoje,OR($F31="Agendado",$F31="Confirmado")),"Atualizar status",IF(AND($F31="Compareceu",$P31>0.005),"Cobrar",IF($F31="Faltou","Falta: reagendar",""))))) -> 0 | T31: =IF($A31="","",DATE(YEAR($A31),MONTH($A31),1)) -> 46204 | U31: =IF($S31="CONFIRMAR",MAX($U$4:$U30)+1,"") -> 0 | V31: =IF(AND($R31="Não",$Q31<>"",$Q31<=Hoje+JanelaRet,$Q31>=Hoje-60),MAX($V$4:$V30)+1,"") -> 0
A32: 46213 | B32: 0.47916667 | C32: Profissional C | D32: P027 | E32: Sessão | F32: Compareceu | H32: 140 | I32: Cartão de débito | J32: =IF($D32="","",IFERROR(INDEX(PacNome,MATCH($D32,PacCod,0)),"Paciente não cadastrado")) -> Paciente 027 | K32: =IF($D32="","",IFERROR(INDEX(PacConv,MATCH($D32,PacCod,0))&"","")) -> Particular | L32: =IF($A32="","",CHOOSE(WEEKDAY($A32,2),"Seg","Ter","Qua","Qui","Sex","Sáb","Dom")) -> Sex | M32: =IF($E32="","",IF($G32<>"",$G32,IFERROR(INDEX(ProcValor,MATCH($E32,ProcNome,0)),0))) -> 140 | N32: =IF($M32="","",IF($F32="Compareceu",$M32,0)) -> 140 | O32: =IF($M32="","",IF($F32="Faltou",$M32,0)) -> 0 | P32: =IF($M32="","",IF($F32="Compareceu",MAX(0,$M32-N($H32)),0)) -> 0 | Q32: =IF(AND($F32="Compareceu",$E32<>"",$A32<>""),IF(IFERROR(INDEX(ProcRet,MATCH($E32,ProcNome,0)),0)>0,$A32+INDEX(ProcRet,MATCH($E32,ProcNome,0)),""),"") -> 46220 | R32: =IF($Q32="","",IF(COUNTIFS(AgPac,$D32,AgData,">"&$A32,AgStatus,"<>Cancelado",AgStatus,"<>Remarcado")>0,"Sim","Não")) -> Sim | S32: =IF($A32="","",IF(AND($F32="Agendado",$A32-Hoje>=0,$A32-Hoje<=DiasConf),"CONFIRMAR",IF(AND($A32<Hoje,OR($F32="Agendado",$F32="Confirmado")),"Atualizar status",IF(AND($F32="Compareceu",$P32>0.005),"Cobrar",IF($F32="Faltou","Falta: reagendar",""))))) -> 0 | T32: =IF($A32="","",DATE(YEAR($A32),MONTH($A32),1)) -> 46204 | U32: =IF($S32="CONFIRMAR",MAX($U$4:$U31)+1,"") -> 0 | V32: =IF(AND($R32="Não",$Q32<>"",$Q32<=Hoje+JanelaRet,$Q32>=Hoje-60),MAX($V$4:$V31)+1,"") -> 0
A33: 46213 | B33: 0.625 | C33: Profissional B | D33: P010 | E33: Sessão | F33: Compareceu | H33: 140 | I33: Dinheiro | J33: =IF($D33="","",IFERROR(INDEX(PacNome,MATCH($D33,PacCod,0)),"Paciente não cadastrado")) -> Paciente 010 | K33: =IF($D33="","",IFERROR(INDEX(PacConv,MATCH($D33,PacCod,0))&"","")) -> Particular | L33: =IF($A33="","",CHOOSE(WEEKDAY($A33,2),"Seg","Ter","Qua","Qui","Sex","Sáb","Dom")) -> Sex | M33: =IF($E33="","",IF($G33<>"",$G33,IFERROR(INDEX(ProcValor,MATCH($E33,ProcNome,0)),0))) -> 140 | N33: =IF($M33="","",IF($F33="Compareceu",$M33,0)) -> 140 | O33: =IF($M33="","",IF($F33="Faltou",$M33,0)) -> 0 | P33: =IF($M33="","",IF($F33="Compareceu",MAX(0,$M33-N($H33)),0)) -> 0 | Q33: =IF(AND($F33="Compareceu",$E33<>"",$A33<>""),IF(IFERROR(INDEX(ProcRet,MATCH($E33,ProcNome,0)),0)>0,$A33+INDEX(ProcRet,MATCH($E33,ProcNome,0)),""),"") -> 46220 | R33: =IF($Q33="","",IF(COUNTIFS(AgPac,$D33,AgData,">"&$A33,AgStatus,"<>Cancelado",AgStatus,"<>Remarcado")>0,"Sim","Não")) -> Sim | S33: =IF($A33="","",IF(AND($F33="Agendado",$A33-Hoje>=0,$A33-Hoje<=DiasConf),"CONFIRMAR",IF(AND($A33<Hoje,OR($F33="Agendado",$F33="Confirmado")),"Atualizar status",IF(AND($F33="Compareceu",$P33>0.005),"Cobrar",IF($F33="Faltou","Falta: reagendar",""))))) -> 0 | T33: =IF($A33="","",DATE(YEAR($A33),MONTH($A33),1)) -> 46204 | U33: =IF($S33="CONFIRMAR",MAX($U$4:$U32)+1,"") -> 0 | V33: =IF(AND($R33="Não",$Q33<>"",$Q33<=Hoje+JanelaRet,$Q33>=Hoje-60),MAX($V$4:$V32)+1,"") -> 0
A34: 46214 | B34: 0.375 | C34: Profissional A | D34: P028 | E34: Sessão | F34: Compareceu | G34: 84 | H34: 84 | I34: Cartão de débito | J34: =IF($D34="","",IFERROR(INDEX(PacNome,MATCH($D34,PacCod,0)),"Paciente não cadastrado")) -> Paciente 028 | K34: =IF($D34="","",IFERROR(INDEX(PacConv,MATCH($D34,PacCod,0))&"","")) -> Convênio B | L34: =IF($A34="","",CHOOSE(WEEKDAY($A34,2),"Seg","Ter","Qua","Qui","Sex","Sáb","Dom")) -> Sáb | M34: =IF($E34="","",IF($G34<>"",$G34,IFERROR(INDEX(ProcValor,MATCH($E34,ProcNome,0)),0))) -> 84 | N34: =IF($M34="","",IF($F34="Compareceu",$M34,0)) -> 84 | O34: =IF($M34="","",IF($F34="Faltou",$M34,0)) -> 0 | P34: =IF($M34="","",IF($F34="Compareceu",MAX(0,$M34-N($H34)),0)) -> 0 | Q34: =IF(AND($F34="Compareceu",$E34<>"",$A34<>""),IF(IFERROR(INDEX(ProcRet,MATCH($E34,ProcNome,0)),0)>0,$A34+INDEX(ProcRet,MATCH($E34,ProcNome,0)),""),"") -> 46221 | R34: =IF($Q34="","",IF(COUNTIFS(AgPac,$D34,AgData,">"&$A34,AgStatus,"<>Cancelado",AgStatus,"<>Remarcado")>0,"Sim","Não")) -> Sim | S34: =IF($A34="","",IF(AND($F34="Agendado",$A34-Hoje>=0,$A34-Hoje<=DiasConf),"CONFIRMAR",IF(AND($A34<Hoje,OR($F34="Agendado",$F34="Confirmado")),"Atualizar status",IF(AND($F34="Compareceu",$P34>0.005),"Cobrar",IF($F34="Faltou","Falta: reagendar",""))))) -> 0 | T34: =IF($A34="","",DATE(YEAR($A34),MONTH($A34),1)) -> 46204 | U34: =IF($S34="CONFIRMAR",MAX($U$4:$U33)+1,"") -> 0 | V34: =IF(AND($R34="Não",$Q34<>"",$Q34<=Hoje+JanelaRet,$Q34>=Hoje-60),MAX($V$4:$V33)+1,"") -> 0
A35: 46214 | B35: 0.60416667 | C35: Profissional D | D35: P007 | E35: Consulta inicial | F35: Compareceu | H35: 250 | I35: Pix | J35: =IF($D35="","",IFERROR(INDEX(PacNome,MATCH($D35,PacCod,0)),"Paciente não cadastrado")) -> Paciente 007 | K35: =IF($D35="","",IFERROR(INDEX(PacConv,MATCH($D35,PacCod,0))&"","")) -> Particular | L35: =IF($A35="","",CHOOSE(WEEKDAY($A35,2),"Seg","Ter","Qua","Qui","Sex","Sáb","Dom")) -> Sáb | M35: =IF($E35="","",IF($G35<>"",$G35,IFERROR(INDEX(ProcValor,MATCH($E35,ProcNome,0)),0))) -> 250 | N35: =IF($M35="","",IF($F35="Compareceu",$M35,0)) -> 250 | O35: =IF($M35="","",IF($F35="Faltou",$M35,0)) -> 0 | P35: =IF($M35="","",IF($F35="Compareceu",MAX(0,$M35-N($H35)),0)) -> 0 | Q35: =IF(AND($F35="Compareceu",$E35<>"",$A35<>""),IF(IFERROR(INDEX(ProcRet,MATCH($E35,ProcNome,0)),0)>0,$A35+INDEX(ProcRet,MATCH($E35,ProcNome,0)),""),"") -> 0 | R35: =IF($Q35="","",IF(COUNTIFS(AgPac,$D35,AgData,">"&$A35,AgStatus,"<>Cancelado",AgStatus,"<>Remarcado")>0,"Sim","Não")) -> 0 | S35: =IF($A35="","",IF(AND($F35="Agendado",$A35-Hoje>=0,$A35-Hoje<=DiasConf),"CONFIRMAR",IF(AND($A35<Hoje,OR($F35="Agendado",$F35="Confirmado")),"Atualizar status",IF(AND($F35="Compareceu",$P35>0.005),"Cobrar",IF($F35="Faltou","Falta: reagendar",""))))) -> 0 | T35: =IF($A35="","",DATE(YEAR($A35),MONTH($A35),1)) -> 46204 | U35: =IF($S35="CONFIRMAR",MAX($U$4:$U34)+1,"") -> 0 | V35: =IF(AND($R35="Não",$Q35<>"",$Q35<=Hoje+JanelaRet,$Q35>=Hoje-60),MAX($V$4:$V34)+1,"") -> 0
A36: 46216 | B36: 0.47916667 | C36: Profissional A | D36: P024 | E36: Consulta inicial | F36: Remarcado | J36: =IF($D36="","",IFERROR(INDEX(PacNome,MATCH($D36,PacCod,0)),"Paciente não cadastrado")) -> Paciente 024 | K36: =IF($D36="","",IFERROR(INDEX(PacConv,MATCH($D36,PacCod,0))&"","")) -> Particular | L36: =IF($A36="","",CHOOSE(WEEKDAY($A36,2),"Seg","Ter","Qua","Qui","Sex","Sáb","Dom")) -> Seg | M36: =IF($E36="","",IF($G36<>"",$G36,IFERROR(INDEX(ProcValor,MATCH($E36,ProcNome,0)),0))) -> 250 | N36: =IF($M36="","",IF($F36="Compareceu",$M36,0)) -> 0 | O36: =IF($M36="","",IF($F36="Faltou",$M36,0)) -> 0 | P36: =IF($M36="","",IF($F36="Compareceu",MAX(0,$M36-N($H36)),0)) -> 0 | Q36: =IF(AND($F36="Compareceu",$E36<>"",$A36<>""),IF(IFERROR(INDEX(ProcRet,MATCH($E36,ProcNome,0)),0)>0,$A36+INDEX(ProcRet,MATCH($E36,ProcNome,0)),""),"") -> 0 | R36: =IF($Q36="","",IF(COUNTIFS(AgPac,$D36,AgData,">"&$A36,AgStatus,"<>Cancelado",AgStatus,"<>Remarcado")>0,"Sim","Não")) -> 0 | S36: =IF($A36="","",IF(AND($F36="Agendado",$A36-Hoje>=0,$A36-Hoje<=DiasConf),"CONFIRMAR",IF(AND($A36<Hoje,OR($F36="Agendado",$F36="Confirmado")),"Atualizar status",IF(AND($F36="Compareceu",$P36>0.005),"Cobrar",IF($F36="Faltou","Falta: reagendar",""))))) -> 0 | T36: =IF($A36="","",DATE(YEAR($A36),MONTH($A36),1)) -> 46204 | U36: =IF($S36="CONFIRMAR",MAX($U$4:$U35)+1,"") -> 0 | V36: =IF(AND($R36="Não",$Q36<>"",$Q36<=Hoje+JanelaRet,$Q36>=Hoje-60),MAX($V$4:$V35)+1,"") -> 0
A37: 46216 | B37: 0.52083333 | C37: Profissional A | D37: P039 | E37: Sessão | F37: Compareceu | H37: 140 | I37: Cartão de débito | J37: =IF($D37="","",IFERROR(INDEX(PacNome,MATCH($D37,PacCod,0)),"Paciente não cadastrado")) -> Paciente 039 | K37: =IF($D37="","",IFERROR(INDEX(PacConv,MATCH($D37,PacCod,0))&"","")) -> Particular | L37: =IF($A37="","",CHOOSE(WEEKDAY($A37,2),"Seg","Ter","Qua","Qui","Sex","Sáb","Dom")) -> Seg | M37: =IF($E37="","",IF($G37<>"",$G37,IFERROR(INDEX(ProcValor,MATCH($E37,ProcNome,0)),0))) -> 140 | N37: =IF($M37="","",IF($F37="Compareceu",$M37,0)) -> 140 | O37: =IF($M37="","",IF($F37="Faltou",$M37,0)) -> 0 | P37: =IF($M37="","",IF($F37="Compareceu",MAX(0,$M37-N($H37)),0)) -> 0 | Q37: =IF(AND($F37="Compareceu",$E37<>"",$A37<>""),IF(IFERROR(INDEX(ProcRet,MATCH($E37,ProcNome,0)),0)>0,$A37+INDEX(ProcRet,MATCH($E37,ProcNome,0)),""),"") -> 46223 | R37: =IF($Q37="","",IF(COUNTIFS(AgPac,$D37,AgData,">"&$A37,AgStatus,"<>Cancelado",AgStatus,"<>Remarcado")>0,"Sim","Não")) -> Sim | S37: =IF($A37="","",IF(AND($F37="Agendado",$A37-Hoje>=0,$A37-Hoje<=DiasConf),"CONFIRMAR",IF(AND($A37<Hoje,OR($F37="Agendado",$F37="Confirmado")),"Atualizar status",IF(AND($F37="Compareceu",$P37>0.005),"Cobrar",IF($F37="Faltou","Falta: reagendar",""))))) -> 0 | T37: =IF($A37="","",DATE(YEAR($A37),MONTH($A37),1)) -> 46204 | U37: =IF($S37="CONFIRMAR",MAX($U$4:$U36)+1,"") -> 0 | V37: =IF(AND($R37="Não",$Q37<>"",$Q37<=Hoje+JanelaRet,$Q37>=Hoje-60),MAX($V$4:$V36)+1,"") -> 0
A38: 46216 | B38: 0.54166667 | C38: Profissional B | D38: P003 | E38: Exame complementar | F38: Compareceu | H38: 90 | I38: Cartão de débito | J38: =IF($D38="","",IFERROR(INDEX(PacNome,MATCH($D38,PacCod,0)),"Paciente não cadastrado")) -> Paciente 003 | K38: =IF($D38="","",IFERROR(INDEX(PacConv,MATCH($D38,PacCod,0))&"","")) -> Particular | L38: =IF($A38="","",CHOOSE(WEEKDAY($A38,2),"Seg","Ter","Qua","Qui","Sex","Sáb","Dom")) -> Seg | M38: =IF($E38="","",IF($G38<>"",$G38,IFERROR(INDEX(ProcValor,MATCH($E38,ProcNome,0)),0))) -> 90 | N38: =IF($M38="","",IF($F38="Compareceu",$M38,0)) -> 90 | O38: =IF($M38="","",IF($F38="Faltou",$M38,0)) -> 0 | P38: =IF($M38="","",IF($F38="Compareceu",MAX(0,$M38-N($H38)),0)) -> 0 | Q38: =IF(AND($F38="Compareceu",$E38<>"",$A38<>""),IF(IFERROR(INDEX(ProcRet,MATCH($E38,ProcNome,0)),0)>0,$A38+INDEX(ProcRet,MATCH($E38,ProcNome,0)),""),"") -> 0 | R38: =IF($Q38="","",IF(COUNTIFS(AgPac,$D38,AgData,">"&$A38,AgStatus,"<>Cancelado",AgStatus,"<>Remarcado")>0,"Sim","Não")) -> 0 | S38: =IF($A38="","",IF(AND($F38="Agendado",$A38-Hoje>=0,$A38-Hoje<=DiasConf),"CONFIRMAR",IF(AND($A38<Hoje,OR($F38="Agendado",$F38="Confirmado")),"Atualizar status",IF(AND($F38="Compareceu",$P38>0.005),"Cobrar",IF($F38="Faltou","Falta: reagendar",""))))) -> 0 | T38: =IF($A38="","",DATE(YEAR($A38),MONTH($A38),1)) -> 46204 | U38: =IF($S38="CONFIRMAR",MAX($U$4:$U37)+1,"") -> 0 | V38: =IF(AND($R38="Não",$Q38<>"",$Q38<=Hoje+JanelaRet,$Q38>=Hoje-60),MAX($V$4:$V37)+1,"") -> 0
A39: 46216 | B39: 0.60416667 | C39: Profissional A | D39: P006 | E39: Sessão | F39: Compareceu | G39: 84 | H39: 84 | I39: Transferência | J39: =IF($D39="","",IFERROR(INDEX(PacNome,MATCH($D39,PacCod,0)),"Paciente não cadastrado")) -> Paciente 006 | K39: =IF($D39="","",IFERROR(INDEX(PacConv,MATCH($D39,PacCod,0))&"","")) -> Convênio B | L39: =IF($A39="","",CHOOSE(WEEKDAY($A39,2),"Seg","Ter","Qua","Qui","Sex","Sáb","Dom")) -> Seg | M39: =IF($E39="","",IF($G39<>"",$G39,IFERROR(INDEX(ProcValor,MATCH($E39,ProcNome,0)),0))) -> 84 | N39: =IF($M39="","",IF($F39="Compareceu",$M39,0)) -> 84 | O39: =IF($M39="","",IF($F39="Faltou",$M39,0)) -> 0 | P39: =IF($M39="","",IF($F39="Compareceu",MAX(0,$M39-N($H39)),0)) -> 0 | Q39: =IF(AND($F39="Compareceu",$E39<>"",$A39<>""),IF(IFERROR(INDEX(ProcRet,MATCH($E39,ProcNome,0)),0)>0,$A39+INDEX(ProcRet,MATCH($E39,ProcNome,0)),""),"") -> 46223 | R39: =IF($Q39="","",IF(COUNTIFS(AgPac,$D39,AgData,">"&$A39,AgStatus,"<>Cancelado",AgStatus,"<>Remarcado")>0,"Sim","Não")) -> Sim | S39: =IF($A39="","",IF(AND($F39="Agendado",$A39-Hoje>=0,$A39-Hoje<=DiasConf),"CONFIRMAR",IF(AND($A39<Hoje,OR($F39="Agendado",$F39="Confirmado")),"Atualizar status",IF(AND($F39="Compareceu",$P39>0.005),"Cobrar",IF($F39="Faltou","Falta: reagendar",""))))) -> 0 | T39: =IF($A39="","",DATE(YEAR($A39),MONTH($A39),1)) -> 46204 | U39: =IF($S39="CONFIRMAR",MAX($U$4:$U38)+1,"") -> 0 | V39: =IF(AND($R39="Não",$Q39<>"",$Q39<=Hoje+JanelaRet,$Q39>=Hoje-60),MAX($V$4:$V38)+1,"") -> 0
A40: 46216 | B40: 0.6875 | C40: Profissional A | D40: P030 | E40: Procedimento A | F40: Compareceu | H40: 350 | I40: Transferência | J40: =IF($D40="","",IFERROR(INDEX(PacNome,MATCH($D40,PacCod,0)),"Paciente não cadastrado")) -> Paciente 030 | K40: =IF($D40="","",IFERROR(INDEX(PacConv,MATCH($D40,PacCod,0))&"","")) -> Particular | L40: =IF($A40="","",CHOOSE(WEEKDAY($A40,2),"Seg","Ter","Qua","Qui","Sex","Sáb","Dom")) -> Seg | M40: =IF($E40="","",IF($G40<>"",$G40,IFERROR(INDEX(ProcValor,MATCH($E40,ProcNome,0)),0))) -> 350 | N40: =IF($M40="","",IF($F40="Compareceu",$M40,0)) -> 350 | O40: =IF($M40="","",IF($F40="Faltou",$M40,0)) -> 0 | P40: =IF($M40="","",IF($F40="Compareceu",MAX(0,$M40-N($H40)),0)) -> 0 | Q40: =IF(AND($F40="Compareceu",$E40<>"",$A40<>""),IF(IFERROR(INDEX(ProcRet,MATCH($E40,ProcNome,0)),0)>0,$A40+INDEX(ProcRet,MATCH($E40,ProcNome,0)),""),"") -> 46231 | R40: =IF($Q40="","",IF(COUNTIFS(AgPac,$D40,AgData,">"&$A40,AgStatus,"<>Cancelado",AgStatus,"<>Remarcado")>0,"Sim","Não")) -> Sim | S40: =IF($A40="","",IF(AND($F40="Agendado",$A40-Hoje>=0,$A40-Hoje<=DiasConf),"CONFIRMAR",IF(AND($A40<Hoje,OR($F40="Agendado",$F40="Confirmado")),"Atualizar status",IF(AND($F40="Compareceu",$P40>0.005),"Cobrar",IF($F40="Faltou","Falta: reagendar",""))))) -> 0 | T40: =IF($A40="","",DATE(YEAR($A40),MONTH($A40),1)) -> 46204 | U40: =IF($S40="CONFIRMAR",MAX($U$4:$U39)+1,"") -> 0 | V40: =IF(AND($R40="Não",$Q40<>"",$Q40<=Hoje+JanelaRet,$Q40>=Hoje-60),MAX($V$4:$V39)+1,"") -> 0
A41: 46217 | B41: 0.35416667 | C41: Profissional B | D41: P022 | E41: Exame complementar | F41: Faltou | J41: =IF($D41="","",IFERROR(INDEX(PacNome,MATCH($D41,PacCod,0)),"Paciente não cadastrado")) -> Paciente 022 | K41: =IF($D41="","",IFERROR(INDEX(PacConv,MATCH($D41,PacCod,0))&"","")) -> Convênio A | L41: =IF($A41="","",CHOOSE(WEEKDAY($A41,2),"Seg","Ter","Qua","Qui","Sex","Sáb","Dom")) -> Ter | M41: =IF($E41="","",IF($G41<>"",$G41,IFERROR(INDEX(ProcValor,MATCH($E41,ProcNome,0)),0))) -> 90 | N41: =IF($M41="","",IF($F41="Compareceu",$M41,0)) -> 0 | O41: =IF($M41="","",IF($F41="Faltou",$M41,0)) -> 90 | P41: =IF($M41="","",IF($F41="Compareceu",MAX(0,$M41-N($H41)),0)) -> 0 | Q41: =IF(AND($F41="Compareceu",$E41<>"",$A41<>""),IF(IFERROR(INDEX(ProcRet,MATCH($E41,ProcNome,0)),0)>0,$A41+INDEX(ProcRet,MATCH($E41,ProcNome,0)),""),"") -> 0 | R41: =IF($Q41="","",IF(COUNTIFS(AgPac,$D41,AgData,">"&$A41,AgStatus,"<>Cancelado",AgStatus,"<>Remarcado")>0,"Sim","Não")) -> 0 | S41: =IF($A41="","",IF(AND($F41="Agendado",$A41-Hoje>=0,$A41-Hoje<=DiasConf),"CONFIRMAR",IF(AND($A41<Hoje,OR($F41="Agendado",$F41="Confirmado")),"Atualizar status",IF(AND($F41="Compareceu",$P41>0.005),"Cobrar",IF($F41="Faltou","Falta: reagendar",""))))) -> Falta: reagendar | T41: =IF($A41="","",DATE(YEAR($A41),MONTH($A41),1)) -> 46204 | U41: =IF($S41="CONFIRMAR",MAX($U$4:$U40)+1,"") -> 0 | V41: =IF(AND($R41="Não",$Q41<>"",$Q41<=Hoje+JanelaRet,$Q41>=Hoje-60),MAX($V$4:$V40)+1,"") -> 0
A42: 46217 | B42: 0.41666667 | C42: Profissional B | D42: P009 | E42: Sessão | F42: Compareceu | G42: 84 | H42: 84 | I42: Dinheiro | J42: =IF($D42="","",IFERROR(INDEX(PacNome,MATCH($D42,PacCod,0)),"Paciente não cadastrado")) -> Paciente 009 | K42: =IF($D42="","",IFERROR(INDEX(PacConv,MATCH($D42,PacCod,0))&"","")) -> Convênio A | L42: =IF($A42="","",CHOOSE(WEEKDAY($A42,2),"Seg","Ter","Qua","Qui","Sex","Sáb","Dom")) -> Ter | M42: =IF($E42="","",IF($G42<>"",$G42,IFERROR(INDEX(ProcValor,MATCH($E42,ProcNome,0)),0))) -> 84 | N42: =IF($M42="","",IF($F42="Compareceu",$M42,0)) -> 84 | O42: =IF($M42="","",IF($F42="Faltou",$M42,0)) -> 0 | P42: =IF($M42="","",IF($F42="Compareceu",MAX(0,$M42-N($H42)),0)) -> 0 | Q42: =IF(AND($F42="Compareceu",$E42<>"",$A42<>""),IF(IFERROR(INDEX(ProcRet,MATCH($E42,ProcNome,0)),0)>0,$A42+INDEX(ProcRet,MATCH($E42,ProcNome,0)),""),"") -> 46224 | R42: =IF($Q42="","",IF(COUNTIFS(AgPac,$D42,AgData,">"&$A42,AgStatus,"<>Cancelado",AgStatus,"<>Remarcado")>0,"Sim","Não")) -> Sim | S42: =IF($A42="","",IF(AND($F42="Agendado",$A42-Hoje>=0,$A42-Hoje<=DiasConf),"CONFIRMAR",IF(AND($A42<Hoje,OR($F42="Agendado",$F42="Confirmado")),"Atualizar status",IF(AND($F42="Compareceu",$P42>0.005),"Cobrar",IF($F42="Faltou","Falta: reagendar",""))))) -> 0 | T42: =IF($A42="","",DATE(YEAR($A42),MONTH($A42),1)) -> 46204 | U42: =IF($S42="CONFIRMAR",MAX($U$4:$U41)+1,"") -> 0 | V42: =IF(AND($R42="Não",$Q42<>"",$Q42<=Hoje+JanelaRet,$Q42>=Hoje-60),MAX($V$4:$V41)+1,"") -> 0
A43: 46217 | B43: 0.45833333 | C43: Profissional B | D43: P044 | E43: Procedimento A | F43: Compareceu | H43: 350 | I43: Transferência | J43: =IF($D43="","",IFERROR(INDEX(PacNome,MATCH($D43,PacCod,0)),"Paciente não cadastrado")) -> Paciente 044 | K43: =IF($D43="","",IFERROR(INDEX(PacConv,MATCH($D43,PacCod,0))&"","")) -> Particular | L43: =IF($A43="","",CHOOSE(WEEKDAY($A43,2),"Seg","Ter","Qua","Qui","Sex","Sáb","Dom")) -> Ter | M43: =IF($E43="","",IF($G43<>"",$G43,IFERROR(INDEX(ProcValor,MATCH($E43,ProcNome,0)),0))) -> 350 | N43: =IF($M43="","",IF($F43="Compareceu",$M43,0)) -> 350 | O43: =IF($M43="","",IF($F43="Faltou",$M43,0)) -> 0 | P43: =IF($M43="","",IF($F43="Compareceu",MAX(0,$M43-N($H43)),0)) -> 0 | Q43: =IF(AND($F43="Compareceu",$E43<>"",$A43<>""),IF(IFERROR(INDEX(ProcRet,MATCH($E43,ProcNome,0)),0)>0,$A43+INDEX(ProcRet,MATCH($E43,ProcNome,0)),""),"") -> 46232 | R43: =IF($Q43="","",IF(COUNTIFS(AgPac,$D43,AgData,">"&$A43,AgStatus,"<>Cancelado",AgStatus,"<>Remarcado")>0,"Sim","Não")) -> Sim | S43: =IF($A43="","",IF(AND($F43="Agendado",$A43-Hoje>=0,$A43-Hoje<=DiasConf),"CONFIRMAR",IF(AND($A43<Hoje,OR($F43="Agendado",$F43="Confirmado")),"Atualizar status",IF(AND($F43="Compareceu",$P43>0.005),"Cobrar",IF($F43="Faltou","Falta: reagendar",""))))) -> 0 | T43: =IF($A43="","",DATE(YEAR($A43),MONTH($A43),1)) -> 46204 | U43: =IF($S43="CONFIRMAR",MAX($U$4:$U42)+1,"") -> 0 | V43: =IF(AND($R43="Não",$Q43<>"",$Q43<=Hoje+JanelaRet,$Q43>=Hoje-60),MAX($V$4:$V42)+1,"") -> 0
A44: 46217 | B44: 0.5625 | C44: Profissional D | D44: P022 | E44: Consulta inicial | F44: Compareceu | G44: 150 | H44: 150 | I44: Cartão de débito | J44: =IF($D44="","",IFERROR(INDEX(PacNome,MATCH($D44,PacCod,0)),"Paciente não cadastrado")) -> Paciente 022 | K44: =IF($D44="","",IFERROR(INDEX(PacConv,MATCH($D44,PacCod,0))&"","")) -> Convênio A | L44: =IF($A44="","",CHOOSE(WEEKDAY($A44,2),"Seg","Ter","Qua","Qui","Sex","Sáb","Dom")) -> Ter | M44: =IF($E44="","",IF($G44<>"",$G44,IFERROR(INDEX(ProcValor,MATCH($E44,ProcNome,0)),0))) -> 150 | N44: =IF($M44="","",IF($F44="Compareceu",$M44,0)) -> 150 | O44: =IF($M44="","",IF($F44="Faltou",$M44,0)) -> 0 | P44: =IF($M44="","",IF($F44="Compareceu",MAX(0,$M44-N($H44)),0)) -> 0 | Q44: =IF(AND($F44="Compareceu",$E44<>"",$A44<>""),IF(IFERROR(INDEX(ProcRet,MATCH($E44,ProcNome,0)),0)>0,$A44+INDEX(ProcRet,MATCH($E44,ProcNome,0)),""),"") -> 0 | R44: =IF($Q44="","",IF(COUNTIFS(AgPac,$D44,AgData,">"&$A44,AgStatus,"<>Cancelado",AgStatus,"<>Remarcado")>0,"Sim","Não")) -> 0 | S44: =IF($A44="","",IF(AND($F44="Agendado",$A44-Hoje>=0,$A44-Hoje<=DiasConf),"CONFIRMAR",IF(AND($A44<Hoje,OR($F44="Agendado",$F44="Confirmado")),"Atualizar status",IF(AND($F44="Compareceu",$P44>0.005),"Cobrar",IF($F44="Faltou","Falta: reagendar",""))))) -> 0 | T44: =IF($A44="","",DATE(YEAR($A44),MONTH($A44),1)) -> 46204 | U44: =IF($S44="CONFIRMAR",MAX($U$4:$U43)+1,"") -> 0 | V44: =IF(AND($R44="Não",$Q44<>"",$Q44<=Hoje+JanelaRet,$Q44>=Hoje-60),MAX($V$4:$V43)+1,"") -> 0
A45: 46218 | B45: 0.41666667 | C45: Profissional C | D45: P022 | E45: Retorno | F45: Cancelado | J45: =IF($D45="","",IFERROR(INDEX(PacNome,MATCH($D45,PacCod,0)),"Paciente não cadastrado")) -> Paciente 022 | K45: =IF($D45="","",IFERROR(INDEX(PacConv,MATCH($D45,PacCod,0))&"","")) -> Convênio A | L45: =IF($A45="","",CHOOSE(WEEKDAY($A45,2),"Seg","Ter","Qua","Qui","Sex","Sáb","Dom")) -> Qua | M45: =IF($E45="","",IF($G45<>"",$G45,IFERROR(INDEX(ProcValor,MATCH($E45,ProcNome,0)),0))) -> 150 | N45: =IF($M45="","",IF($F45="Compareceu",$M45,0)) -> 0 | O45: =IF($M45="","",IF($F45="Faltou",$M45,0)) -> 0 | P45: =IF($M45="","",IF($F45="Compareceu",MAX(0,$M45-N($H45)),0)) -> 0 | Q45: =IF(AND($F45="Compareceu",$E45<>"",$A45<>""),IF(IFERROR(INDEX(ProcRet,MATCH($E45,ProcNome,0)),0)>0,$A45+INDEX(ProcRet,MATCH($E45,ProcNome,0)),""),"") -> 0 | R45: =IF($Q45="","",IF(COUNTIFS(AgPac,$D45,AgData,">"&$A45,AgStatus,"<>Cancelado",AgStatus,"<>Remarcado")>0,"Sim","Não")) -> 0 | S45: =IF($A45="","",IF(AND($F45="Agendado",$A45-Hoje>=0,$A45-Hoje<=DiasConf),"CONFIRMAR",IF(AND($A45<Hoje,OR($F45="Agendado",$F45="Confirmado")),"Atualizar status",IF(AND($F45="Compareceu",$P45>0.005),"Cobrar",IF($F45="Faltou","Falta: reagendar",""))))) -> 0 | T45: =IF($A45="","",DATE(YEAR($A45),MONTH($A45),1)) -> 46204 | U45: =IF($S45="CONFIRMAR",MAX($U$4:$U44)+1,"") -> 0 | V45: =IF(AND($R45="Não",$Q45<>"",$Q45<=Hoje+JanelaRet,$Q45>=Hoje-60),MAX($V$4:$V44)+1,"") -> 0
A46: 46218 | B46: 0.47916667 | C46: Profissional D | D46: P023 | E46: Consulta inicial | F46: Compareceu | H46: 250 | I46: Transferência | J46: =IF($D46="","",IFERROR(INDEX(PacNome,MATCH($D46,PacCod,0)),"Paciente não cadastrado")) -> Paciente 023 | K46: =IF($D46="","",IFERROR(INDEX(PacConv,MATCH($D46,PacCod,0))&"","")) -> Particular | L46: =IF($A46="","",CHOOSE(WEEKDAY($A46,2),"Seg","Ter","Qua","Qui","Sex","Sáb","Dom")) -> Qua | M46: =IF($E46="","",IF($G46<>"",$G46,IFERROR(INDEX(ProcValor,MATCH($E46,ProcNome,0)),0))) -> 250 | N46: =IF($M46="","",IF($F46="Compareceu",$M46,0)) -> 250 | O46: =IF($M46="","",IF($F46="Faltou",$M46,0)) -> 0 | P46: =IF($M46="","",IF($F46="Compareceu",MAX(0,$M46-N($H46)),0)) -> 0 | Q46: =IF(AND($F46="Compareceu",$E46<>"",$A46<>""),IF(IFERROR(INDEX(ProcRet,MATCH($E46,ProcNome,0)),0)>0,$A46+INDEX(ProcRet,MATCH($E46,ProcNome,0)),""),"") -> 0 | R46: =IF($Q46="","",IF(COUNTIFS(AgPac,$D46,AgData,">"&$A46,AgStatus,"<>Cancelado",AgStatus,"<>Remarcado")>0,"Sim","Não")) -> 0 | S46: =IF($A46="","",IF(AND($F46="Agendado",$A46-Hoje>=0,$A46-Hoje<=DiasConf),"CONFIRMAR",IF(AND($A46<Hoje,OR($F46="Agendado",$F46="Confirmado")),"Atualizar status",IF(AND($F46="Compareceu",$P46>0.005),"Cobrar",IF($F46="Faltou","Falta: reagendar",""))))) -> 0 | T46: =IF($A46="","",DATE(YEAR($A46),MONTH($A46),1)) -> 46204 | U46: =IF($S46="CONFIRMAR",MAX($U$4:$U45)+1,"") -> 0 | V46: =IF(AND($R46="Não",$Q46<>"",$Q46<=Hoje+JanelaRet,$Q46>=Hoje-60),MAX($V$4:$V45)+1,"") -> 0
A47: 46218 | B47: 0.5 | C47: Profissional B | D47: P015 | E47: Sessão | F47: Faltou | J47: =IF($D47="","",IFERROR(INDEX(PacNome,MATCH($D47,PacCod,0)),"Paciente não cadastrado")) -> Paciente 015 | K47: =IF($D47="","",IFERROR(INDEX(PacConv,MATCH($D47,PacCod,0))&"","")) -> Convênio A | L47: =IF($A47="","",CHOOSE(WEEKDAY($A47,2),"Seg","Ter","Qua","Qui","Sex","Sáb","Dom")) -> Qua | M47: =IF($E47="","",IF($G47<>"",$G47,IFERROR(INDEX(ProcValor,MATCH($E47,ProcNome,0)),0))) -> 140 | N47: =IF($M47="","",IF($F47="Compareceu",$M47,0)) -> 0 | O47: =IF($M47="","",IF($F47="Faltou",$M47,0)) -> 140 | P47: =IF($M47="","",IF($F47="Compareceu",MAX(0,$M47-N($H47)),0)) -> 0 | Q47: =IF(AND($F47="Compareceu",$E47<>"",$A47<>""),IF(IFERROR(INDEX(ProcRet,MATCH($E47,ProcNome,0)),0)>0,$A47+INDEX(ProcRet,MATCH($E47,ProcNome,0)),""),"") -> 0 | R47: =IF($Q47="","",IF(COUNTIFS(AgPac,$D47,AgData,">"&$A47,AgStatus,"<>Cancelado",AgStatus,"<>Remarcado")>0,"Sim","Não")) -> 0 | S47: =IF($A47="","",IF(AND($F47="Agendado",$A47-Hoje>=0,$A47-Hoje<=DiasConf),"CONFIRMAR",IF(AND($A47<Hoje,OR($F47="Agendado",$F47="Confirmado")),"Atualizar status",IF(AND($F47="Compareceu",$P47>0.005),"Cobrar",IF($F47="Faltou","Falta: reagendar",""))))) -> Falta: reagendar | T47: =IF($A47="","",DATE(YEAR($A47),MONTH($A47),1)) -> 46204 | U47: =IF($S47="CONFIRMAR",MAX($U$4:$U46)+1,"") -> 0 | V47: =IF(AND($R47="Não",$Q47<>"",$Q47<=Hoje+JanelaRet,$Q47>=Hoje-60),MAX($V$4:$V46)+1,"") -> 0
A48: 46218 | B48: 0.58333333 | C48: Profissional C | D48: P038 | E48: Sessão | F48: Compareceu | G48: 84 | H48: 84 | I48: Transferência | J48: =IF($D48="","",IFERROR(INDEX(PacNome,MATCH($D48,PacCod,0)),"Paciente não cadastrado")) -> Paciente 038 | K48: =IF($D48="","",IFERROR(INDEX(PacConv,MATCH($D48,PacCod,0))&"","")) -> Convênio A | L48: =IF($A48="","",CHOOSE(WEEKDAY($A48,2),"Seg","Ter","Qua","Qui","Sex","Sáb","Dom")) -> Qua | M48: =IF($E48="","",IF($G48<>"",$G48,IFERROR(INDEX(ProcValor,MATCH($E48,ProcNome,0)),0))) -> 84 | N48: =IF($M48="","",IF($F48="Compareceu",$M48,0)) -> 84 | O48: =IF($M48="","",IF($F48="Faltou",$M48,0)) -> 0 | P48: =IF($M48="","",IF($F48="Compareceu",MAX(0,$M48-N($H48)),0)) -> 0 | Q48: =IF(AND($F48="Compareceu",$E48<>"",$A48<>""),IF(IFERROR(INDEX(ProcRet,MATCH($E48,ProcNome,0)),0)>0,$A48+INDEX(ProcRet,MATCH($E48,ProcNome,0)),""),"") -> 46225 | R48: =IF($Q48="","",IF(COUNTIFS(AgPac,$D48,AgData,">"&$A48,AgStatus,"<>Cancelado",AgStatus,"<>Remarcado")>0,"Sim","Não")) -> Sim | S48: =IF($A48="","",IF(AND($F48="Agendado",$A48-Hoje>=0,$A48-Hoje<=DiasConf),"CONFIRMAR",IF(AND($A48<Hoje,OR($F48="Agendado",$F48="Confirmado")),"Atualizar status",IF(AND($F48="Compareceu",$P48>0.005),"Cobrar",IF($F48="Faltou","Falta: reagendar",""))))) -> 0 | T48: =IF($A48="","",DATE(YEAR($A48),MONTH($A48),1)) -> 46204 | U48: =IF($S48="CONFIRMAR",MAX($U$4:$U47)+1,"") -> 0 | V48: =IF(AND($R48="Não",$Q48<>"",$Q48<=Hoje+JanelaRet,$Q48>=Hoje-60),MAX($V$4:$V47)+1,"") -> 0
A49: 46219 | B49: 0.39583333 | C49: Profissional B | D49: P027 | E49: Sessão | F49: Compareceu | H49: 140 | I49: Transferência | J49: =IF($D49="","",IFERROR(INDEX(PacNome,MATCH($D49,PacCod,0)),"Paciente não cadastrado")) -> Paciente 027 | K49: =IF($D49="","",IFERROR(INDEX(PacConv,MATCH($D49,PacCod,0))&"","")) -> Particular | L49: =IF($A49="","",CHOOSE(WEEKDAY($A49,2),"Seg","Ter","Qua","Qui","Sex","Sáb","Dom")) -> Qui | M49: =IF($E49="","",IF($G49<>"",$G49,IFERROR(INDEX(ProcValor,MATCH($E49,ProcNome,0)),0))) -> 140 | N49: =IF($M49="","",IF($F49="Compareceu",$M49,0)) -> 140 | O49: =IF($M49="","",IF($F49="Faltou",$M49,0)) -> 0 | P49: =IF($M49="","",IF($F49="Compareceu",MAX(0,$M49-N($H49)),0)) -> 0 | Q49: =IF(AND($F49="Compareceu",$E49<>"",$A49<>""),IF(IFERROR(INDEX(ProcRet,MATCH($E49,ProcNome,0)),0)>0,$A49+INDEX(ProcRet,MATCH($E49,ProcNome,0)),""),"") -> 46226 | R49: =IF($Q49="","",IF(COUNTIFS(AgPac,$D49,AgData,">"&$A49,AgStatus,"<>Cancelado",AgStatus,"<>Remarcado")>0,"Sim","Não")) -> Sim | S49: =IF($A49="","",IF(AND($F49="Agendado",$A49-Hoje>=0,$A49-Hoje<=DiasConf),"CONFIRMAR",IF(AND($A49<Hoje,OR($F49="Agendado",$F49="Confirmado")),"Atualizar status",IF(AND($F49="Compareceu",$P49>0.005),"Cobrar",IF($F49="Faltou","Falta: reagendar",""))))) -> 0 | T49: =IF($A49="","",DATE(YEAR($A49),MONTH($A49),1)) -> 46204 | U49: =IF($S49="CONFIRMAR",MAX($U$4:$U48)+1,"") -> 0 | V49: =IF(AND($R49="Não",$Q49<>"",$Q49<=Hoje+JanelaRet,$Q49>=Hoje-60),MAX($V$4:$V48)+1,"") -> 0
A50: 46219 | B50: 0.41666667 | C50: Profissional C | D50: P009 | E50: Revisão | F50: Faltou | J50: =IF($D50="","",IFERROR(INDEX(PacNome,MATCH($D50,PacCod,0)),"Paciente não cadastrado")) -> Paciente 009 | K50: =IF($D50="","",IFERROR(INDEX(PacConv,MATCH($D50,PacCod,0))&"","")) -> Convênio A | L50: =IF($A50="","",CHOOSE(WEEKDAY($A50,2),"Seg","Ter","Qua","Qui","Sex","Sáb","Dom")) -> Qui | M50: =IF($E50="","",IF($G50<>"",$G50,IFERROR(INDEX(ProcValor,MATCH($E50,ProcNome,0)),0))) -> 130 | N50: =IF($M50="","",IF($F50="Compareceu",$M50,0)) -> 0 | O50: =IF($M50="","",IF($F50="Faltou",$M50,0)) -> 130 | P50: =IF($M50="","",IF($F50="Compareceu",MAX(0,$M50-N($H50)),0)) -> 0 | Q50: =IF(AND($F50="Compareceu",$E50<>"",$A50<>""),IF(IFERROR(INDEX(ProcRet,MATCH($E50,ProcNome,0)),0)>0,$A50+INDEX(ProcRet,MATCH($E50,ProcNome,0)),""),"") -> 0 | R50: =IF($Q50="","",IF(COUNTIFS(AgPac,$D50,AgData,">"&$A50,AgStatus,"<>Cancelado",AgStatus,"<>Remarcado")>0,"Sim","Não")) -> 0 | S50: =IF($A50="","",IF(AND($F50="Agendado",$A50-Hoje>=0,$A50-Hoje<=DiasConf),"CONFIRMAR",IF(AND($A50<Hoje,OR($F50="Agendado",$F50="Confirmado")),"Atualizar status",IF(AND($F50="Compareceu",$P50>0.005),"Cobrar",IF($F50="Faltou","Falta: reagendar",""))))) -> Falta: reagendar | T50: =IF($A50="","",DATE(YEAR($A50),MONTH($A50),1)) -> 46204 | U50: =IF($S50="CONFIRMAR",MAX($U$4:$U49)+1,"") -> 0 | V50: =IF(AND($R50="Não",$Q50<>"",$Q50<=Hoje+JanelaRet,$Q50>=Hoje-60),MAX($V$4:$V49)+1,"") -> 0
A51: 46219 | B51: 0.625 | C51: Profissional D | D51: P022 | E51: Avaliação | F51: Compareceu | G51: 72 | H51: 72 | I51: Dinheiro | J51: =IF($D51="","",IFERROR(INDEX(PacNome,MATCH($D51,PacCod,0)),"Paciente não cadastrado")) -> Paciente 022 | K51: =IF($D51="","",IFERROR(INDEX(PacConv,MATCH($D51,PacCod,0))&"","")) -> Convênio A | L51: =IF($A51="","",CHOOSE(WEEKDAY($A51,2),"Seg","Ter","Qua","Qui","Sex","Sáb","Dom")) -> Qui | M51: =IF($E51="","",IF($G51<>"",$G51,IFERROR(INDEX(ProcValor,MATCH($E51,ProcNome,0)),0))) -> 72 | N51: =IF($M51="","",IF($F51="Compareceu",$M51,0)) -> 72 | O51: =IF($M51="","",IF($F51="Faltou",$M51,0)) -> 0 | P51: =IF($M51="","",IF($F51="Compareceu",MAX(0,$M51-N($H51)),0)) -> 0 | Q51: =IF(AND($F51="Compareceu",$E51<>"",$A51<>""),IF(IFERROR(INDEX(ProcRet,MATCH($E51,ProcNome,0)),0)>0,$A51+INDEX(ProcRet,MATCH($E51,ProcNome,0)),""),"") -> 46249 | R51: =IF($Q51="","",IF(COUNTIFS(AgPac,$D51,AgData,">"&$A51,AgStatus,"<>Cancelado",AgStatus,"<>Remarcado")>0,"Sim","Não")) -> Sim | S51: =IF($A51="","",IF(AND($F51="Agendado",$A51-Hoje>=0,$A51-Hoje<=DiasConf),"CONFIRMAR",IF(AND($A51<Hoje,OR($F51="Agendado",$F51="Confirmado")),"Atualizar status",IF(AND($F51="Compareceu",$P51>0.005),"Cobrar",IF($F51="Faltou","Falta: reagendar",""))))) -> 0 | T51: =IF($A51="","",DATE(YEAR($A51),MONTH($A51),1)) -> 46204 | U51: =IF($S51="CONFIRMAR",MAX($U$4:$U50)+1,"") -> 0 | V51: =IF(AND($R51="Não",$Q51<>"",$Q51<=Hoje+JanelaRet,$Q51>=Hoje-60),MAX($V$4:$V50)+1,"") -> 0
A52: 46220 | B52: 0.39583333 | C52: Profissional D | D52: P037 | E52: Sessão | F52: Remarcado | J52: =IF($D52="","",IFERROR(INDEX(PacNome,MATCH($D52,PacCod,0)),"Paciente não cadastrado")) -> Paciente 037 | K52: =IF($D52="","",IFERROR(INDEX(PacConv,MATCH($D52,PacCod,0))&"","")) -> Convênio B | L52: =IF($A52="","",CHOOSE(WEEKDAY($A52,2),"Seg","Ter","Qua","Qui","Sex","Sáb","Dom")) -> Sex | M52: =IF($E52="","",IF($G52<>"",$G52,IFERROR(INDEX(ProcValor,MATCH($E52,ProcNome,0)),0))) -> 140 | N52: =IF($M52="","",IF($F52="Compareceu",$M52,0)) -> 0 | O52: =IF($M52="","",IF($F52="Faltou",$M52,0)) -> 0 | P52: =IF($M52="","",IF($F52="Compareceu",MAX(0,$M52-N($H52)),0)) -> 0 | Q52: =IF(AND($F52="Compareceu",$E52<>"",$A52<>""),IF(IFERROR(INDEX(ProcRet,MATCH($E52,ProcNome,0)),0)>0,$A52+INDEX(ProcRet,MATCH($E52,ProcNome,0)),""),"") -> 0 | R52: =IF($Q52="","",IF(COUNTIFS(AgPac,$D52,AgData,">"&$A52,AgStatus,"<>Cancelado",AgStatus,"<>Remarcado")>0,"Sim","Não")) -> 0 | S52: =IF($A52="","",IF(AND($F52="Agendado",$A52-Hoje>=0,$A52-Hoje<=DiasConf),"CONFIRMAR",IF(AND($A52<Hoje,OR($F52="Agendado",$F52="Confirmado")),"Atualizar status",IF(AND($F52="Compareceu",$P52>0.005),"Cobrar",IF($F52="Faltou","Falta: reagendar",""))))) -> 0 | T52: =IF($A52="","",DATE(YEAR($A52),MONTH($A52),1)) -> 46204 | U52: =IF($S52="CONFIRMAR",MAX($U$4:$U51)+1,"") -> 0 | V52: =IF(AND($R52="Não",$Q52<>"",$Q52<=Hoje+JanelaRet,$Q52>=Hoje-60),MAX($V$4:$V51)+1,"") -> 0
A53: 46220 | B53: 0.64583333 | C53: Profissional C | D53: P024 | E53: Retorno | F53: Compareceu | H53: 75 | I53: Cartão de débito | J53: =IF($D53="","",IFERROR(INDEX(PacNome,MATCH($D53,PacCod,0)),"Paciente não cadastrado")) -> Paciente 024 | K53: =IF($D53="","",IFERROR(INDEX(PacConv,MATCH($D53,PacCod,0))&"","")) -> Particular | L53: =IF($A53="","",CHOOSE(WEEKDAY($A53,2),"Seg","Ter","Qua","Qui","Sex","Sáb","Dom")) -> Sex | M53: =IF($E53="","",IF($G53<>"",$G53,IFERROR(INDEX(ProcValor,MATCH($E53,ProcNome,0)),0))) -> 150 | N53: =IF($M53="","",IF($F53="Compareceu",$M53,0)) -> 150 | O53: =IF($M53="","",IF($F53="Faltou",$M53,0)) -> 0 | P53: =IF($M53="","",IF($F53="Compareceu",MAX(0,$M53-N($H53)),0)) -> 75 | Q53: =IF(AND($F53="Compareceu",$E53<>"",$A53<>""),IF(IFERROR(INDEX(ProcRet,MATCH($E53,ProcNome,0)),0)>0,$A53+INDEX(ProcRet,MATCH($E53,ProcNome,0)),""),"") -> 0 | R53: =IF($Q53="","",IF(COUNTIFS(AgPac,$D53,AgData,">"&$A53,AgStatus,"<>Cancelado",AgStatus,"<>Remarcado")>0,"Sim","Não")) -> 0 | S53: =IF($A53="","",IF(AND($F53="Agendado",$A53-Hoje>=0,$A53-Hoje<=DiasConf),"CONFIRMAR",IF(AND($A53<Hoje,OR($F53="Agendado",$F53="Confirmado")),"Atualizar status",IF(AND($F53="Compareceu",$P53>0.005),"Cobrar",IF($F53="Faltou","Falta: reagendar",""))))) -> Cobrar | T53: =IF($A53="","",DATE(YEAR($A53),MONTH($A53),1)) -> 46204 | U53: =IF($S53="CONFIRMAR",MAX($U$4:$U52)+1,"") -> 0 | V53: =IF(AND($R53="Não",$Q53<>"",$Q53<=Hoje+JanelaRet,$Q53>=Hoje-60),MAX($V$4:$V52)+1,"") -> 0
A54: 46220 | B54: 0.6875 | C54: Profissional C | D54: P027 | E54: Avaliação | F54: Compareceu | H54: 120 | I54: Cartão de crédito | J54: =IF($D54="","",IFERROR(INDEX(PacNome,MATCH($D54,PacCod,0)),"Paciente não cadastrado")) -> Paciente 027 | K54: =IF($D54="","",IFERROR(INDEX(PacConv,MATCH($D54,PacCod,0))&"","")) -> Particular | L54: =IF($A54="","",CHOOSE(WEEKDAY($A54,2),"Seg","Ter","Qua","Qui","Sex","Sáb","Dom")) -> Sex | M54: =IF($E54="","",IF($G54<>"",$G54,IFERROR(INDEX(ProcValor,MATCH($E54,ProcNome,0)),0))) -> 120 | N54: =IF($M54="","",IF($F54="Compareceu",$M54,0)) -> 120 | O54: =IF($M54="","",IF($F54="Faltou",$M54,0)) -> 0 | P54: =IF($M54="","",IF($F54="Compareceu",MAX(0,$M54-N($H54)),0)) -> 0 | Q54: =IF(AND($F54="Compareceu",$E54<>"",$A54<>""),IF(IFERROR(INDEX(ProcRet,MATCH($E54,ProcNome,0)),0)>0,$A54+INDEX(ProcRet,MATCH($E54,ProcNome,0)),""),"") -> 46250 | R54: =IF($Q54="","",IF(COUNTIFS(AgPac,$D54,AgData,">"&$A54,AgStatus,"<>Cancelado",AgStatus,"<>Remarcado")>0,"Sim","Não")) -> Sim | S54: =IF($A54="","",IF(AND($F54="Agendado",$A54-Hoje>=0,$A54-Hoje<=DiasConf),"CONFIRMAR",IF(AND($A54<Hoje,OR($F54="Agendado",$F54="Confirmado")),"Atualizar status",IF(AND($F54="Compareceu",$P54>0.005),"Cobrar",IF($F54="Faltou","Falta: reagendar",""))))) -> 0 | T54: =IF($A54="","",DATE(YEAR($A54),MONTH($A54),1)) -> 46204 | U54: =IF($S54="CONFIRMAR",MAX($U$4:$U53)+1,"") -> 0 | V54: =IF(AND($R54="Não",$Q54<>"",$Q54<=Hoje+JanelaRet,$Q54>=Hoje-60),MAX($V$4:$V53)+1,"") -> 0
A55: 46221 | B55: 0.54166667 | C55: Profissional D | D55: P035 | E55: Sessão | F55: Faltou | J55: =IF($D55="","",IFERROR(INDEX(PacNome,MATCH($D55,PacCod,0)),"Paciente não cadastrado")) -> Paciente 035 | K55: =IF($D55="","",IFERROR(INDEX(PacConv,MATCH($D55,PacCod,0))&"","")) -> Particular | L55: =IF($A55="","",CHOOSE(WEEKDAY($A55,2),"Seg","Ter","Qua","Qui","Sex","Sáb","Dom")) -> Sáb | M55: =IF($E55="","",IF($G55<>"",$G55,IFERROR(INDEX(ProcValor,MATCH($E55,ProcNome,0)),0))) -> 140 | N55: =IF($M55="","",IF($F55="Compareceu",$M55,0)) -> 0 | O55: =IF($M55="","",IF($F55="Faltou",$M55,0)) -> 140 | P55: =IF($M55="","",IF($F55="Compareceu",MAX(0,$M55-N($H55)),0)) -> 0 | Q55: =IF(AND($F55="Compareceu",$E55<>"",$A55<>""),IF(IFERROR(INDEX(ProcRet,MATCH($E55,ProcNome,0)),0)>0,$A55+INDEX(ProcRet,MATCH($E55,ProcNome,0)),""),"") -> 0 | R55: =IF($Q55="","",IF(COUNTIFS(AgPac,$D55,AgData,">"&$A55,AgStatus,"<>Cancelado",AgStatus,"<>Remarcado")>0,"Sim","Não")) -> 0 | S55: =IF($A55="","",IF(AND($F55="Agendado",$A55-Hoje>=0,$A55-Hoje<=DiasConf),"CONFIRMAR",IF(AND($A55<Hoje,OR($F55="Agendado",$F55="Confirmado")),"Atualizar status",IF(AND($F55="Compareceu",$P55>0.005),"Cobrar",IF($F55="Faltou","Falta: reagendar",""))))) -> Falta: reagendar | T55: =IF($A55="","",DATE(YEAR($A55),MONTH($A55),1)) -> 46204 | U55: =IF($S55="CONFIRMAR",MAX($U$4:$U54)+1,"") -> 0 | V55: =IF(AND($R55="Não",$Q55<>"",$Q55<=Hoje+JanelaRet,$Q55>=Hoje-60),MAX($V$4:$V54)+1,"") -> 0
A56: 46221 | B56: 0.6875 | C56: Profissional D | D56: P022 | E56: Sessão | F56: Faltou | J56: =IF($D56="","",IFERROR(INDEX(PacNome,MATCH($D56,PacCod,0)),"Paciente não cadastrado")) -> Paciente 022 | K56: =IF($D56="","",IFERROR(INDEX(PacConv,MATCH($D56,PacCod,0))&"","")) -> Convênio A | L56: =IF($A56="","",CHOOSE(WEEKDAY($A56,2),"Seg","Ter","Qua","Qui","Sex","Sáb","Dom")) -> Sáb | M56: =IF($E56="","",IF($G56<>"",$G56,IFERROR(INDEX(ProcValor,MATCH($E56,ProcNome,0)),0))) -> 140 | N56: =IF($M56="","",IF($F56="Compareceu",$M56,0)) -> 0 | O56: =IF($M56="","",IF($F56="Faltou",$M56,0)) -> 140 | P56: =IF($M56="","",IF($F56="Compareceu",MAX(0,$M56-N($H56)),0)) -> 0 | Q56: =IF(AND($F56="Compareceu",$E56<>"",$A56<>""),IF(IFERROR(INDEX(ProcRet,MATCH($E56,ProcNome,0)),0)>0,$A56+INDEX(ProcRet,MATCH($E56,ProcNome,0)),""),"") -> 0 | R56: =IF($Q56="","",IF(COUNTIFS(AgPac,$D56,AgData,">"&$A56,AgStatus,"<>Cancelado",AgStatus,"<>Remarcado")>0,"Sim","Não")) -> 0 | S56: =IF($A56="","",IF(AND($F56="Agendado",$A56-Hoje>=0,$A56-Hoje<=DiasConf),"CONFIRMAR",IF(AND($A56<Hoje,OR($F56="Agendado",$F56="Confirmado")),"Atualizar status",IF(AND($F56="Compareceu",$P56>0.005),"Cobrar",IF($F56="Faltou","Falta: reagendar",""))))) -> Falta: reagendar | T56: =IF($A56="","",DATE(YEAR($A56),MONTH($A56),1)) -> 46204 | U56: =IF($S56="CONFIRMAR",MAX($U$4:$U55)+1,"") -> 0 | V56: =IF(AND($R56="Não",$Q56<>"",$Q56<=Hoje+JanelaRet,$Q56>=Hoje-60),MAX($V$4:$V55)+1,"") -> 0
A57: 46223 | B57: 0.375 | C57: Profissional C | D57: P028 | E57: Avaliação | F57: Compareceu | G57: 72 | J57: =IF($D57="","",IFERROR(INDEX(PacNome,MATCH($D57,PacCod,0)),"Paciente não cadastrado")) -> Paciente 028 | K57: =IF($D57="","",IFERROR(INDEX(PacConv,MATCH($D57,PacCod,0))&"","")) -> Convênio B | L57: =IF($A57="","",CHOOSE(WEEKDAY($A57,2),"Seg","Ter","Qua","Qui","Sex","Sáb","Dom")) -> Seg | M57: =IF($E57="","",IF($G57<>"",$G57,IFERROR(INDEX(ProcValor,MATCH($E57,ProcNome,0)),0))) -> 72 | N57: =IF($M57="","",IF($F57="Compareceu",$M57,0)) -> 72 | O57: =IF($M57="","",IF($F57="Faltou",$M57,0)) -> 0 | P57: =IF($M57="","",IF($F57="Compareceu",MAX(0,$M57-N($H57)),0)) -> 72 | Q57: =IF(AND($F57="Compareceu",$E57<>"",$A57<>""),IF(IFERROR(INDEX(ProcRet,MATCH($E57,ProcNome,0)),0)>0,$A57+INDEX(ProcRet,MATCH($E57,ProcNome,0)),""),"") -> 46253 | R57: =IF($Q57="","",IF(COUNTIFS(AgPac,$D57,AgData,">"&$A57,AgStatus,"<>Cancelado",AgStatus,"<>Remarcado")>0,"Sim","Não")) -> Sim | S57: =IF($A57="","",IF(AND($F57="Agendado",$A57-Hoje>=0,$A57-Hoje<=DiasConf),"CONFIRMAR",IF(AND($A57<Hoje,OR($F57="Agendado",$F57="Confirmado")),"Atualizar status",IF(AND($F57="Compareceu",$P57>0.005),"Cobrar",IF($F57="Faltou","Falta: reagendar",""))))) -> Cobrar | T57: =IF($A57="","",DATE(YEAR($A57),MONTH($A57),1)) -> 46204 | U57: =IF($S57="CONFIRMAR",MAX($U$4:$U56)+1,"") -> 0 | V57: =IF(AND($R57="Não",$Q57<>"",$Q57<=Hoje+JanelaRet,$Q57>=Hoje-60),MAX($V$4:$V56)+1,"") -> 0
A58: 46223 | B58: 0.58333333 | C58: Profissional C | D58: P038 | E58: Sessão | F58: Remarcado | J58: =IF($D58="","",IFERROR(INDEX(PacNome,MATCH($D58,PacCod,0)),"Paciente não cadastrado")) -> Paciente 038 | K58: =IF($D58="","",IFERROR(INDEX(PacConv,MATCH($D58,PacCod,0))&"","")) -> Convênio A | L58: =IF($A58="","",CHOOSE(WEEKDAY($A58,2),"Seg","Ter","Qua","Qui","Sex","Sáb","Dom")) -> Seg | M58: =IF($E58="","",IF($G58<>"",$G58,IFERROR(INDEX(ProcValor,MATCH($E58,ProcNome,0)),0))) -> 140 | N58: =IF($M58="","",IF($F58="Compareceu",$M58,0)) -> 0 | O58: =IF($M58="","",IF($F58="Faltou",$M58,0)) -> 0 | P58: =IF($M58="","",IF($F58="Compareceu",MAX(0,$M58-N($H58)),0)) -> 0 | Q58: =IF(AND($F58="Compareceu",$E58<>"",$A58<>""),IF(IFERROR(INDEX(ProcRet,MATCH($E58,ProcNome,0)),0)>0,$A58+INDEX(ProcRet,MATCH($E58,ProcNome,0)),""),"") -> 0 | R58: =IF($Q58="","",IF(COUNTIFS(AgPac,$D58,AgData,">"&$A58,AgStatus,"<>Cancelado",AgStatus,"<>Remarcado")>0,"Sim","Não")) -> 0 | S58: =IF($A58="","",IF(AND($F58="Agendado",$A58-Hoje>=0,$A58-Hoje<=DiasConf),"CONFIRMAR",IF(AND($A58<Hoje,OR($F58="Agendado",$F58="Confirmado")),"Atualizar status",IF(AND($F58="Compareceu",$P58>0.005),"Cobrar",IF($F58="Faltou","Falta: reagendar",""))))) -> 0 | T58: =IF($A58="","",DATE(YEAR($A58),MONTH($A58),1)) -> 46204 | U58: =IF($S58="CONFIRMAR",MAX($U$4:$U57)+1,"") -> 0 | V58: =IF(AND($R58="Não",$Q58<>"",$Q58<=Hoje+JanelaRet,$Q58>=Hoje-60),MAX($V$4:$V57)+1,"") -> 0
A59: 46223 | B59: 0.70833333 | C59: Profissional C | D59: P045 | E59: Sessão | F59: Compareceu | G59: 84 | H59: 84 | I59: Pix | J59: =IF($D59="","",IFERROR(INDEX(PacNome,MATCH($D59,PacCod,0)),"Paciente não cadastrado")) -> Paciente 045 | K59: =IF($D59="","",IFERROR(INDEX(PacConv,MATCH($D59,PacCod,0))&"","")) -> Convênio A | L59: =IF($A59="","",CHOOSE(WEEKDAY($A59,2),"Seg","Ter","Qua","Qui","Sex","Sáb","Dom")) -> Seg | M59: =IF($E59="","",IF($G59<>"",$G59,IFERROR(INDEX(ProcValor,MATCH($E59,ProcNome,0)),0))) -> 84 | N59: =IF($M59="","",IF($F59="Compareceu",$M59,0)) -> 84 | O59: =IF($M59="","",IF($F59="Faltou",$M59,0)) -> 0 | P59: =IF($M59="","",IF($F59="Compareceu",MAX(0,$M59-N($H59)),0)) -> 0 | Q59: =IF(AND($F59="Compareceu",$E59<>"",$A59<>""),IF(IFERROR(INDEX(ProcRet,MATCH($E59,ProcNome,0)),0)>0,$A59+INDEX(ProcRet,MATCH($E59,ProcNome,0)),""),"") -> 46230 | R59: =IF($Q59="","",IF(COUNTIFS(AgPac,$D59,AgData,">"&$A59,AgStatus,"<>Cancelado",AgStatus,"<>Remarcado")>0,"Sim","Não")) -> Sim | S59: =IF($A59="","",IF(AND($F59="Agendado",$A59-Hoje>=0,$A59-Hoje<=DiasConf),"CONFIRMAR",IF(AND($A59<Hoje,OR($F59="Agendado",$F59="Confirmado")),"Atualizar status",IF(AND($F59="Compareceu",$P59>0.005),"Cobrar",IF($F59="Faltou","Falta: reagendar",""))))) -> 0 | T59: =IF($A59="","",DATE(YEAR($A59),MONTH($A59),1)) -> 46204 | U59: =IF($S59="CONFIRMAR",MAX($U$4:$U58)+1,"") -> 0 | V59: =IF(AND($R59="Não",$Q59<>"",$Q59<=Hoje+JanelaRet,$Q59>=Hoje-60),MAX($V$4:$V58)+1,"") -> 0
A60: 46224 | B60: 0.47916667 | C60: Profissional C | D60: P016 | E60: Sessão | F60: Compareceu | H60: 140 | I60: Pix | J60: =IF($D60="","",IFERROR(INDEX(PacNome,MATCH($D60,PacCod,0)),"Paciente não cadastrado")) -> Paciente 016 | K60: =IF($D60="","",IFERROR(INDEX(PacConv,MATCH($D60,PacCod,0))&"","")) -> Particular | L60: =IF($A60="","",CHOOSE(WEEKDAY($A60,2),"Seg","Ter","Qua","Qui","Sex","Sáb","Dom")) -> Ter | M60: =IF($E60="","",IF($G60<>"",$G60,IFERROR(INDEX(ProcValor,MATCH($E60,ProcNome,0)),0))) -> 140 | N60: =IF($M60="","",IF($F60="Compareceu",$M60,0)) -> 140 | O60: =IF($M60="","",IF($F60="Faltou",$M60,0)) -> 0 | P60: =IF($M60="","",IF($F60="Compareceu",MAX(0,$M60-N($H60)),0)) -> 0 | Q60: =IF(AND($F60="Compareceu",$E60<>"",$A60<>""),IF(IFERROR(INDEX(ProcRet,MATCH($E60,ProcNome,0)),0)>0,$A60+INDEX(ProcRet,MATCH($E60,ProcNome,0)),""),"") -> 46231 | R60: =IF($Q60="","",IF(COUNTIFS(AgPac,$D60,AgData,">"&$A60,AgStatus,"<>Cancelado",AgStatus,"<>Remarcado")>0,"Sim","Não")) -> Sim | S60: =IF($A60="","",IF(AND($F60="Agendado",$A60-Hoje>=0,$A60-Hoje<=DiasConf),"CONFIRMAR",IF(AND($A60<Hoje,OR($F60="Agendado",$F60="Confirmado")),"Atualizar status",IF(AND($F60="Compareceu",$P60>0.005),"Cobrar",IF($F60="Faltou","Falta: reagendar",""))))) -> 0 | T60: =IF($A60="","",DATE(YEAR($A60),MONTH($A60),1)) -> 46204 | U60: =IF($S60="CONFIRMAR",MAX($U$4:$U59)+1,"") -> 0 | V60: =IF(AND($R60="Não",$Q60<>"",$Q60<=Hoje+JanelaRet,$Q60>=Hoje-60),MAX($V$4:$V59)+1,"") -> 0
A61: 46224 | B61: 0.54166667 | C61: Profissional B | D61: P001 | E61: Limpeza / manutenção | F61: Compareceu | H61: 180 | I61: Transferência | J61: =IF($D61="","",IFERROR(INDEX(PacNome,MATCH($D61,PacCod,0)),"Paciente não cadastrado")) -> Paciente 001 | K61: =IF($D61="","",IFERROR(INDEX(PacConv,MATCH($D61,PacCod,0))&"","")) -> Particular | L61: =IF($A61="","",CHOOSE(WEEKDAY($A61,2),"Seg","Ter","Qua","Qui","Sex","Sáb","Dom")) -> Ter | M61: =IF($E61="","",IF($G61<>"",$G61,IFERROR(INDEX(ProcValor,MATCH($E61,ProcNome,0)),0))) -> 180 | N61: =IF($M61="","",IF($F61="Compareceu",$M61,0)) -> 180 | O61: =IF($M61="","",IF($F61="Faltou",$M61,0)) -> 0 | P61: =IF($M61="","",IF($F61="Compareceu",MAX(0,$M61-N($H61)),0)) -> 0 | Q61: =IF(AND($F61="Compareceu",$E61<>"",$A61<>""),IF(IFERROR(INDEX(ProcRet,MATCH($E61,ProcNome,0)),0)>0,$A61+INDEX(ProcRet,MATCH($E61,ProcNome,0)),""),"") -> 46404 | R61: =IF($Q61="","",IF(COUNTIFS(AgPac,$D61,AgData,">"&$A61,AgStatus,"<>Cancelado",AgStatus,"<>Remarcado")>0,"Sim","Não")) -> Sim | S61: =IF($A61="","",IF(AND($F61="Agendado",$A61-Hoje>=0,$A61-Hoje<=DiasConf),"CONFIRMAR",IF(AND($A61<Hoje,OR($F61="Agendado",$F61="Confirmado")),"Atualizar status",IF(AND($F61="Compareceu",$P61>0.005),"Cobrar",IF($F61="Faltou","Falta: reagendar",""))))) -> 0 | T61: =IF($A61="","",DATE(YEAR($A61),MONTH($A61),1)) -> 46204 | U61: =IF($S61="CONFIRMAR",MAX($U$4:$U60)+1,"") -> 0 | V61: =IF(AND($R61="Não",$Q61<>"",$Q61<=Hoje+JanelaRet,$Q61>=Hoje-60),MAX($V$4:$V60)+1,"") -> 0
A62: 46224 | B62: 0.58333333 | C62: Profissional D | D62: P045 | E62: Sessão | F62: Compareceu | G62: 84 | H62: 84 | I62: Cartão de débito | J62: =IF($D62="","",IFERROR(INDEX(PacNome,MATCH($D62,PacCod,0)),"Paciente não cadastrado")) -> Paciente 045 | K62: =IF($D62="","",IFERROR(INDEX(PacConv,MATCH($D62,PacCod,0))&"","")) -> Convênio A | L62: =IF($A62="","",CHOOSE(WEEKDAY($A62,2),"Seg","Ter","Qua","Qui","Sex","Sáb","Dom")) -> Ter | M62: =IF($E62="","",IF($G62<>"",$G62,IFERROR(INDEX(ProcValor,MATCH($E62,ProcNome,0)),0))) -> 84 | N62: =IF($M62="","",IF($F62="Compareceu",$M62,0)) -> 84 | O62: =IF($M62="","",IF($F62="Faltou",$M62,0)) -> 0 | P62: =IF($M62="","",IF($F62="Compareceu",MAX(0,$M62-N($H62)),0)) -> 0 | Q62: =IF(AND($F62="Compareceu",$E62<>"",$A62<>""),IF(IFERROR(INDEX(ProcRet,MATCH($E62,ProcNome,0)),0)>0,$A62+INDEX(ProcRet,MATCH($E62,ProcNome,0)),""),"") -> 46231 | R62: =IF($Q62="","",IF(COUNTIFS(AgPac,$D62,AgData,">"&$A62,AgStatus,"<>Cancelado",AgStatus,"<>Remarcado")>0,"Sim","Não")) -> Sim | S62: =IF($A62="","",IF(AND($F62="Agendado",$A62-Hoje>=0,$A62-Hoje<=DiasConf),"CONFIRMAR",IF(AND($A62<Hoje,OR($F62="Agendado",$F62="Confirmado")),"Atualizar status",IF(AND($F62="Compareceu",$P62>0.005),"Cobrar",IF($F62="Faltou","Falta: reagendar",""))))) -> 0 | T62: =IF($A62="","",DATE(YEAR($A62),MONTH($A62),1)) -> 46204 | U62: =IF($S62="CONFIRMAR",MAX($U$4:$U61)+1,"") -> 0 | V62: =IF(AND($R62="Não",$Q62<>"",$Q62<=Hoje+JanelaRet,$Q62>=Hoje-60),MAX($V$4:$V61)+1,"") -> 0
A63: 46224 | B63: 0.6875 | C63: Profissional B | D63: P036 | E63: Sessão | F63: Compareceu | G63: 84 | H63: 84 | I63: Dinheiro | J63: =IF($D63="","",IFERROR(INDEX(PacNome,MATCH($D63,PacCod,0)),"Paciente não cadastrado")) -> Paciente 036 | K63: =IF($D63="","",IFERROR(INDEX(PacConv,MATCH($D63,PacCod,0))&"","")) -> Convênio B | L63: =IF($A63="","",CHOOSE(WEEKDAY($A63,2),"Seg","Ter","Qua","Qui","Sex","Sáb","Dom")) -> Ter | M63: =IF($E63="","",IF($G63<>"",$G63,IFERROR(INDEX(ProcValor,MATCH($E63,ProcNome,0)),0))) -> 84 | N63: =IF($M63="","",IF($F63="Compareceu",$M63,0)) -> 84 | O63: =IF($M63="","",IF($F63="Faltou",$M63,0)) -> 0 | P63: =IF($M63="","",IF($F63="Compareceu",MAX(0,$M63-N($H63)),0)) -> 0 | Q63: =IF(AND($F63="Compareceu",$E63<>"",$A63<>""),IF(IFERROR(INDEX(ProcRet,MATCH($E63,ProcNome,0)),0)>0,$A63+INDEX(ProcRet,MATCH($E63,ProcNome,0)),""),"") -> 46231 | R63: =IF($Q63="","",IF(COUNTIFS(AgPac,$D63,AgData,">"&$A63,AgStatus,"<>Cancelado",AgStatus,"<>Remarcado")>0,"Sim","Não")) -> Sim | S63: =IF($A63="","",IF(AND($F63="Agendado",$A63-Hoje>=0,$A63-Hoje<=DiasConf),"CONFIRMAR",IF(AND($A63<Hoje,OR($F63="Agendado",$F63="Confirmado")),"Atualizar status",IF(AND($F63="Compareceu",$P63>0.005),"Cobrar",IF($F63="Faltou","Falta: reagendar",""))))) -> 0 | T63: =IF($A63="","",DATE(YEAR($A63),MONTH($A63),1)) -> 46204 | U63: =IF($S63="CONFIRMAR",MAX($U$4:$U62)+1,"") -> 0 | V63: =IF(AND($R63="Não",$Q63<>"",$Q63<=Hoje+JanelaRet,$Q63>=Hoje-60),MAX($V$4:$V62)+1,"") -> 0
A64: 46225 | B64: 0.35416667 | C64: Profissional A | D64: P037 | E64: Avaliação | F64: Compareceu | G64: 72 | H64: 72 | I64: Pix | J64: =IF($D64="","",IFERROR(INDEX(PacNome,MATCH($D64,PacCod,0)),"Paciente não cadastrado")) -> Paciente 037 | K64: =IF($D64="","",IFERROR(INDEX(PacConv,MATCH($D64,PacCod,0))&"","")) -> Convênio B | L64: =IF($A64="","",CHOOSE(WEEKDAY($A64,2),"Seg","Ter","Qua","Qui","Sex","Sáb","Dom")) -> Qua | M64: =IF($E64="","",IF($G64<>"",$G64,IFERROR(INDEX(ProcValor,MATCH($E64,ProcNome,0)),0))) -> 72 | N64: =IF($M64="","",IF($F64="Compareceu",$M64,0)) -> 72 | O64: =IF($M64="","",IF($F64="Faltou",$M64,0)) -> 0 | P64: =IF($M64="","",IF($F64="Compareceu",MAX(0,$M64-N($H64)),0)) -> 0 | Q64: =IF(AND($F64="Compareceu",$E64<>"",$A64<>""),IF(IFERROR(INDEX(ProcRet,MATCH($E64,ProcNome,0)),0)>0,$A64+INDEX(ProcRet,MATCH($E64,ProcNome,0)),""),"") -> 46255 | R64: =IF($Q64="","",IF(COUNTIFS(AgPac,$D64,AgData,">"&$A64,AgStatus,"<>Cancelado",AgStatus,"<>Remarcado")>0,"Sim","Não")) -> Sim | S64: =IF($A64="","",IF(AND($F64="Agendado",$A64-Hoje>=0,$A64-Hoje<=DiasConf),"CONFIRMAR",IF(AND($A64<Hoje,OR($F64="Agendado",$F64="Confirmado")),"Atualizar status",IF(AND($F64="Compareceu",$P64>0.005),"Cobrar",IF($F64="Faltou","Falta: reagendar",""))))) -> 0 | T64: =IF($A64="","",DATE(YEAR($A64),MONTH($A64),1)) -> 46204 | U64: =IF($S64="CONFIRMAR",MAX($U$4:$U63)+1,"") -> 0 | V64: =IF(AND($R64="Não",$Q64<>"",$Q64<=Hoje+JanelaRet,$Q64>=Hoje-60),MAX($V$4:$V63)+1,"") -> 0
A65: 46225 | B65: 0.375 | C65: Profissional D | D65: P010 | E65: Sessão | F65: Cancelado | J65: =IF($D65="","",IFERROR(INDEX(PacNome,MATCH($D65,PacCod,0)),"Paciente não cadastrado")) -> Paciente 010 | K65: =IF($D65="","",IFERROR(INDEX(PacConv,MATCH($D65,PacCod,0))&"","")) -> Particular | L65: =IF($A65="","",CHOOSE(WEEKDAY($A65,2),"Seg","Ter","Qua","Qui","Sex","Sáb","Dom")) -> Qua | M65: =IF($E65="","",IF($G65<>"",$G65,IFERROR(INDEX(ProcValor,MATCH($E65,ProcNome,0)),0))) -> 140 | N65: =IF($M65="","",IF($F65="Compareceu",$M65,0)) -> 0 | O65: =IF($M65="","",IF($F65="Faltou",$M65,0)) -> 0 | P65: =IF($M65="","",IF($F65="Compareceu",MAX(0,$M65-N($H65)),0)) -> 0 | Q65: =IF(AND($F65="Compareceu",$E65<>"",$A65<>""),IF(IFERROR(INDEX(ProcRet,MATCH($E65,ProcNome,0)),0)>0,$A65+INDEX(ProcRet,MATCH($E65,ProcNome,0)),""),"") -> 0 | R65: =IF($Q65="","",IF(COUNTIFS(AgPac,$D65,AgData,">"&$A65,AgStatus,"<>Cancelado",AgStatus,"<>Remarcado")>0,"Sim","Não")) -> 0 | S65: =IF($A65="","",IF(AND($F65="Agendado",$A65-Hoje>=0,$A65-Hoje<=DiasConf),"CONFIRMAR",IF(AND($A65<Hoje,OR($F65="Agendado",$F65="Confirmado")),"Atualizar status",IF(AND($F65="Compareceu",$P65>0.005),"Cobrar",IF($F65="Faltou","Falta: reagendar",""))))) -> 0 | T65: =IF($A65="","",DATE(YEAR($A65),MONTH($A65),1)) -> 46204 | U65: =IF($S65="CONFIRMAR",MAX($U$4:$U64)+1,"") -> 0 | V65: =IF(AND($R65="Não",$Q65<>"",$Q65<=Hoje+JanelaRet,$Q65>=Hoje-60),MAX($V$4:$V64)+1,"") -> 0
A66: 46225 | B66: 0.5 | C66: Profissional C | D66: P022 | E66: Sessão | F66: Compareceu | G66: 84 | H66: 84 | I66: Dinheiro | J66: =IF($D66="","",IFERROR(INDEX(PacNome,MATCH($D66,PacCod,0)),"Paciente não cadastrado")) -> Paciente 022 | K66: =IF($D66="","",IFERROR(INDEX(PacConv,MATCH($D66,PacCod,0))&"","")) -> Convênio A | L66: =IF($A66="","",CHOOSE(WEEKDAY($A66,2),"Seg","Ter","Qua","Qui","Sex","Sáb","Dom")) -> Qua | M66: =IF($E66="","",IF($G66<>"",$G66,IFERROR(INDEX(ProcValor,MATCH($E66,ProcNome,0)),0))) -> 84 | N66: =IF($M66="","",IF($F66="Compareceu",$M66,0)) -> 84 | O66: =IF($M66="","",IF($F66="Faltou",$M66,0)) -> 0 | P66: =IF($M66="","",IF($F66="Compareceu",MAX(0,$M66-N($H66)),0)) -> 0 | Q66: =IF(AND($F66="Compareceu",$E66<>"",$A66<>""),IF(IFERROR(INDEX(ProcRet,MATCH($E66,ProcNome,0)),0)>0,$A66+INDEX(ProcRet,MATCH($E66,ProcNome,0)),""),"") -> 46232 | R66: =IF($Q66="","",IF(COUNTIFS(AgPac,$D66,AgData,">"&$A66,AgStatus,"<>Cancelado",AgStatus,"<>Remarcado")>0,"Sim","Não")) -> Sim | S66: =IF($A66="","",IF(AND($F66="Agendado",$A66-Hoje>=0,$A66-Hoje<=DiasConf),"CONFIRMAR",IF(AND($A66<Hoje,OR($F66="Agendado",$F66="Confirmado")),"Atualizar status",IF(AND($F66="Compareceu",$P66>0.005),"Cobrar",IF($F66="Faltou","Falta: reagendar",""))))) -> 0 | T66: =IF($A66="","",DATE(YEAR($A66),MONTH($A66),1)) -> 46204 | U66: =IF($S66="CONFIRMAR",MAX($U$4:$U65)+1,"") -> 0 | V66: =IF(AND($R66="Não",$Q66<>"",$Q66<=Hoje+JanelaRet,$Q66>=Hoje-60),MAX($V$4:$V65)+1,"") -> 0
A67: 46225 | B67: 0.60416667 | C67: Profissional D | D67: P030 | E67: Limpeza / manutenção | F67: Compareceu | H67: 180 | I67: Cartão de crédito | J67: =IF($D67="","",IFERROR(INDEX(PacNome,MATCH($D67,PacCod,0)),"Paciente não cadastrado")) -> Paciente 030 | K67: =IF($D67="","",IFERROR(INDEX(PacConv,MATCH($D67,PacCod,0))&"","")) -> Particular | L67: =IF($A67="","",CHOOSE(WEEKDAY($A67,2),"Seg","Ter","Qua","Qui","Sex","Sáb","Dom")) -> Qua | M67: =IF($E67="","",IF($G67<>"",$G67,IFERROR(INDEX(ProcValor,MATCH($E67,ProcNome,0)),0))) -> 180 | N67: =IF($M67="","",IF($F67="Compareceu",$M67,0)) -> 180 | O67: =IF($M67="","",IF($F67="Faltou",$M67,0)) -> 0 | P67: =IF($M67="","",IF($F67="Compareceu",MAX(0,$M67-N($H67)),0)) -> 0 | Q67: =IF(AND($F67="Compareceu",$E67<>"",$A67<>""),IF(IFERROR(INDEX(ProcRet,MATCH($E67,ProcNome,0)),0)>0,$A67+INDEX(ProcRet,MATCH($E67,ProcNome,0)),""),"") -> 46405 | R67: =IF($Q67="","",IF(COUNTIFS(AgPac,$D67,AgData,">"&$A67,AgStatus,"<>Cancelado",AgStatus,"<>Remarcado")>0,"Sim","Não")) -> Sim | S67: =IF($A67="","",IF(AND($F67="Agendado",$A67-Hoje>=0,$A67-Hoje<=DiasConf),"CONFIRMAR",IF(AND($A67<Hoje,OR($F67="Agendado",$F67="Confirmado")),"Atualizar status",IF(AND($F67="Compareceu",$P67>0.005),"Cobrar",IF($F67="Faltou","Falta: reagendar",""))))) -> 0 | T67: =IF($A67="","",DATE(YEAR($A67),MONTH($A67),1)) -> 46204 | U67: =IF($S67="CONFIRMAR",MAX($U$4:$U66)+1,"") -> 0 | V67: =IF(AND($R67="Não",$Q67<>"",$Q67<=Hoje+JanelaRet,$Q67>=Hoje-60),MAX($V$4:$V66)+1,"") -> 0
A68: 46226 | B68: 0.375 | C68: Profissional B | D68: P003 | E68: Sessão | F68: Compareceu | H68: 140 | I68: Cartão de débito | J68: =IF($D68="","",IFERROR(INDEX(PacNome,MATCH($D68,PacCod,0)),"Paciente não cadastrado")) -> Paciente 003 | K68: =IF($D68="","",IFERROR(INDEX(PacConv,MATCH($D68,PacCod,0))&"","")) -> Particular | L68: =IF($A68="","",CHOOSE(WEEKDAY($A68,2),"Seg","Ter","Qua","Qui","Sex","Sáb","Dom")) -> Qui | M68: =IF($E68="","",IF($G68<>"",$G68,IFERROR(INDEX(ProcValor,MATCH($E68,ProcNome,0)),0))) -> 140 | N68: =IF($M68="","",IF($F68="Compareceu",$M68,0)) -> 140 | O68: =IF($M68="","",IF($F68="Faltou",$M68,0)) -> 0 | P68: =IF($M68="","",IF($F68="Compareceu",MAX(0,$M68-N($H68)),0)) -> 0 | Q68: =IF(AND($F68="Compareceu",$E68<>"",$A68<>""),IF(IFERROR(INDEX(ProcRet,MATCH($E68,ProcNome,0)),0)>0,$A68+INDEX(ProcRet,MATCH($E68,ProcNome,0)),""),"") -> 46233 | R68: =IF($Q68="","",IF(COUNTIFS(AgPac,$D68,AgData,">"&$A68,AgStatus,"<>Cancelado",AgStatus,"<>Remarcado")>0,"Sim","Não")) -> Sim | S68: =IF($A68="","",IF(AND($F68="Agendado",$A68-Hoje>=0,$A68-Hoje<=DiasConf),"CONFIRMAR",IF(AND($A68<Hoje,OR($F68="Agendado",$F68="Confirmado")),"Atualizar status",IF(AND($F68="Compareceu",$P68>0.005),"Cobrar",IF($F68="Faltou","Falta: reagendar",""))))) -> 0 | T68: =IF($A68="","",DATE(YEAR($A68),MONTH($A68),1)) -> 46204 | U68: =IF($S68="CONFIRMAR",MAX($U$4:$U67)+1,"") -> 0 | V68: =IF(AND($R68="Não",$Q68<>"",$Q68<=Hoje+JanelaRet,$Q68>=Hoje-60),MAX($V$4:$V67)+1,"") -> 0
A69: 46226 | B69: 0.66666667 | C69: Profissional A | D69: P011 | E69: Retorno | F69: Compareceu | G69: 90 | H69: 90 | I69: Transferência | J69: =IF($D69="","",IFERROR(INDEX(PacNome,MATCH($D69,PacCod,0)),"Paciente não cadastrado")) -> Paciente 011 | K69: =IF($D69="","",IFERROR(INDEX(PacConv,MATCH($D69,PacCod,0))&"","")) -> Convênio A | L69: =IF($A69="","",CHOOSE(WEEKDAY($A69,2),"Seg","Ter","Qua","Qui","Sex","Sáb","Dom")) -> Qui | M69: =IF($E69="","",IF($G69<>"",$G69,IFERROR(INDEX(ProcValor,MATCH($E69,ProcNome,0)),0))) -> 90 | N69: =IF($M69="","",IF($F69="Compareceu",$M69,0)) -> 90 | O69: =IF($M69="","",IF($F69="Faltou",$M69,0)) -> 0 | P69: =IF($M69="","",IF($F69="Compareceu",MAX(0,$M69-N($H69)),0)) -> 0 | Q69: =IF(AND($F69="Compareceu",$E69<>"",$A69<>""),IF(IFERROR(INDEX(ProcRet,MATCH($E69,ProcNome,0)),0)>0,$A69+INDEX(ProcRet,MATCH($E69,ProcNome,0)),""),"") -> 0 | R69: =IF($Q69="","",IF(COUNTIFS(AgPac,$D69,AgData,">"&$A69,AgStatus,"<>Cancelado",AgStatus,"<>Remarcado")>0,"Sim","Não")) -> 0 | S69: =IF($A69="","",IF(AND($F69="Agendado",$A69-Hoje>=0,$A69-Hoje<=DiasConf),"CONFIRMAR",IF(AND($A69<Hoje,OR($F69="Agendado",$F69="Confirmado")),"Atualizar status",IF(AND($F69="Compareceu",$P69>0.005),"Cobrar",IF($F69="Faltou","Falta: reagendar",""))))) -> 0 | T69: =IF($A69="","",DATE(YEAR($A69),MONTH($A69),1)) -> 46204 | U69: =IF($S69="CONFIRMAR",MAX($U$4:$U68)+1,"") -> 0 | V69: =IF(AND($R69="Não",$Q69<>"",$Q69<=Hoje+JanelaRet,$Q69>=Hoje-60),MAX($V$4:$V68)+1,"") -> 0
A70: 46226 | B70: 0.72916667 | C70: Profissional D | D70: P001 | E70: Revisão | F70: Compareceu | H70: 130 | I70: Dinheiro | J70: =IF($D70="","",IFERROR(INDEX(PacNome,MATCH($D70,PacCod,0)),"Paciente não cadastrado")) -> Paciente 001 | K70: =IF($D70="","",IFERROR(INDEX(PacConv,MATCH($D70,PacCod,0))&"","")) -> Particular | L70: =IF($A70="","",CHOOSE(WEEKDAY($A70,2),"Seg","Ter","Qua","Qui","Sex","Sáb","Dom")) -> Qui | M70: =IF($E70="","",IF($G70<>"",$G70,IFERROR(INDEX(ProcValor,MATCH($E70,ProcNome,0)),0))) -> 130 | N70: =IF($M70="","",IF($F70="Compareceu",$M70,0)) -> 130 | O70: =IF($M70="","",IF($F70="Faltou",$M70,0)) -> 0 | P70: =IF($M70="","",IF($F70="Compareceu",MAX(0,$M70-N($H70)),0)) -> 0 | Q70: =IF(AND($F70="Compareceu",$E70<>"",$A70<>""),IF(IFERROR(INDEX(ProcRet,MATCH($E70,ProcNome,0)),0)>0,$A70+INDEX(ProcRet,MATCH($E70,ProcNome,0)),""),"") -> 46316 | R70: =IF($Q70="","",IF(COUNTIFS(AgPac,$D70,AgData,">"&$A70,AgStatus,"<>Cancelado",AgStatus,"<>Remarcado")>0,"Sim","Não")) -> Sim | S70: =IF($A70="","",IF(AND($F70="Agendado",$A70-Hoje>=0,$A70-Hoje<=DiasConf),"CONFIRMAR",IF(AND($A70<Hoje,OR($F70="Agendado",$F70="Confirmado")),"Atualizar status",IF(AND($F70="Compareceu",$P70>0.005),"Cobrar",IF($F70="Faltou","Falta: reagendar",""))))) -> 0 | T70: =IF($A70="","",DATE(YEAR($A70),MONTH($A70),1)) -> 46204 | U70: =IF($S70="CONFIRMAR",MAX($U$4:$U69)+1,"") -> 0 | V70: =IF(AND($R70="Não",$Q70<>"",$Q70<=Hoje+JanelaRet,$Q70>=Hoje-60),MAX($V$4:$V69)+1,"") -> 0
A71: 46227 | B71: 0.47916667 | C71: Profissional D | D71: P007 | E71: Revisão | F71: Compareceu | H71: 130 | I71: Cartão de crédito | J71: =IF($D71="","",IFERROR(INDEX(PacNome,MATCH($D71,PacCod,0)),"Paciente não cadastrado")) -> Paciente 007 | K71: =IF($D71="","",IFERROR(INDEX(PacConv,MATCH($D71,PacCod,0))&"","")) -> Particular | L71: =IF($A71="","",CHOOSE(WEEKDAY($A71,2),"Seg","Ter","Qua","Qui","Sex","Sáb","Dom")) -> Sex | M71: =IF($E71="","",IF($G71<>"",$G71,IFERROR(INDEX(ProcValor,MATCH($E71,ProcNome,0)),0))) -> 130 | N71: =IF($M71="","",IF($F71="Compareceu",$M71,0)) -> 130 | O71: =IF($M71="","",IF($F71="Faltou",$M71,0)) -> 0 | P71: =IF($M71="","",IF($F71="Compareceu",MAX(0,$M71-N($H71)),0)) -> 0 | Q71: =IF(AND($F71="Compareceu",$E71<>"",$A71<>""),IF(IFERROR(INDEX(ProcRet,MATCH($E71,ProcNome,0)),0)>0,$A71+INDEX(ProcRet,MATCH($E71,ProcNome,0)),""),"") -> 46317 | R71: =IF($Q71="","",IF(COUNTIFS(AgPac,$D71,AgData,">"&$A71,AgStatus,"<>Cancelado",AgStatus,"<>Remarcado")>0,"Sim","Não")) -> Sim | S71: =IF($A71="","",IF(AND($F71="Agendado",$A71-Hoje>=0,$A71-Hoje<=DiasConf),"CONFIRMAR",IF(AND($A71<Hoje,OR($F71="Agendado",$F71="Confirmado")),"Atualizar status",IF(AND($F71="Compareceu",$P71>0.005),"Cobrar",IF($F71="Faltou","Falta: reagendar",""))))) -> 0 | T71: =IF($A71="","",DATE(YEAR($A71),MONTH($A71),1)) -> 46204 | U71: =IF($S71="CONFIRMAR",MAX($U$4:$U70)+1,"") -> 0 | V71: =IF(AND($R71="Não",$Q71<>"",$Q71<=Hoje+JanelaRet,$Q71>=Hoje-60),MAX($V$4:$V70)+1,"") -> 0
A72: 46227 | B72: 0.52083333 | C72: Profissional C | D72: P022 | E72: Retorno | F72: Compareceu | G72: 90 | H72: 90 | I72: Cartão de crédito | J72: =IF($D72="","",IFERROR(INDEX(PacNome,MATCH($D72,PacCod,0)),"Paciente não cadastrado")) -> Paciente 022 | K72: =IF($D72="","",IFERROR(INDEX(PacConv,MATCH($D72,PacCod,0))&"","")) -> Convênio A | L72: =IF($A72="","",CHOOSE(WEEKDAY($A72,2),"Seg","Ter","Qua","Qui","Sex","Sáb","Dom")) -> Sex | M72: =IF($E72="","",IF($G72<>"",$G72,IFERROR(INDEX(ProcValor,MATCH($E72,ProcNome,0)),0))) -> 90 | N72: =IF($M72="","",IF($F72="Compareceu",$M72,0)) -> 90 | O72: =IF($M72="","",IF($F72="Faltou",$M72,0)) -> 0 | P72: =IF($M72="","",IF($F72="Compareceu",MAX(0,$M72-N($H72)),0)) -> 0 | Q72: =IF(AND($F72="Compareceu",$E72<>"",$A72<>""),IF(IFERROR(INDEX(ProcRet,MATCH($E72,ProcNome,0)),0)>0,$A72+INDEX(ProcRet,MATCH($E72,ProcNome,0)),""),"") -> 0 | R72: =IF($Q72="","",IF(COUNTIFS(AgPac,$D72,AgData,">"&$A72,AgStatus,"<>Cancelado",AgStatus,"<>Remarcado")>0,"Sim","Não")) -> 0 | S72: =IF($A72="","",IF(AND($F72="Agendado",$A72-Hoje>=0,$A72-Hoje<=DiasConf),"CONFIRMAR",IF(AND($A72<Hoje,OR($F72="Agendado",$F72="Confirmado")),"Atualizar status",IF(AND($F72="Compareceu",$P72>0.005),"Cobrar",IF($F72="Faltou","Falta: reagendar",""))))) -> 0 | T72: =IF($A72="","",DATE(YEAR($A72),MONTH($A72),1)) -> 46204 | U72: =IF($S72="CONFIRMAR",MAX($U$4:$U71)+1,"") -> 0 | V72: =IF(AND($R72="Não",$Q72<>"",$Q72<=Hoje+JanelaRet,$Q72>=Hoje-60),MAX($V$4:$V71)+1,"") -> 0
A73: 46227 | B73: 0.60416667 | C73: Profissional B | D73: P035 | E73: Retorno | F73: Compareceu | H73: 150 | I73: Transferência | J73: =IF($D73="","",IFERROR(INDEX(PacNome,MATCH($D73,PacCod,0)),"Paciente não cadastrado")) -> Paciente 035 | K73: =IF($D73="","",IFERROR(INDEX(PacConv,MATCH($D73,PacCod,0))&"","")) -> Particular | L73: =IF($A73="","",CHOOSE(WEEKDAY($A73,2),"Seg","Ter","Qua","Qui","Sex","Sáb","Dom")) -> Sex | M73: =IF($E73="","",IF($G73<>"",$G73,IFERROR(INDEX(ProcValor,MATCH($E73,ProcNome,0)),0))) -> 150 | N73: =IF($M73="","",IF($F73="Compareceu",$M73,0)) -> 150 | O73: =IF($M73="","",IF($F73="Faltou",$M73,0)) -> 0 | P73: =IF($M73="","",IF($F73="Compareceu",MAX(0,$M73-N($H73)),0)) -> 0 | Q73: =IF(AND($F73="Compareceu",$E73<>"",$A73<>""),IF(IFERROR(INDEX(ProcRet,MATCH($E73,ProcNome,0)),0)>0,$A73+INDEX(ProcRet,MATCH($E73,ProcNome,0)),""),"") -> 0 | R73: =IF($Q73="","",IF(COUNTIFS(AgPac,$D73,AgData,">"&$A73,AgStatus,"<>Cancelado",AgStatus,"<>Remarcado")>0,"Sim","Não")) -> 0 | S73: =IF($A73="","",IF(AND($F73="Agendado",$A73-Hoje>=0,$A73-Hoje<=DiasConf),"CONFIRMAR",IF(AND($A73<Hoje,OR($F73="Agendado",$F73="Confirmado")),"Atualizar status",IF(AND($F73="Compareceu",$P73>0.005),"Cobrar",IF($F73="Faltou","Falta: reagendar",""))))) -> 0 | T73: =IF($A73="","",DATE(YEAR($A73),MONTH($A73),1)) -> 46204 | U73: =IF($S73="CONFIRMAR",MAX($U$4:$U72)+1,"") -> 0 | V73: =IF(AND($R73="Não",$Q73<>"",$Q73<=Hoje+JanelaRet,$Q73>=Hoje-60),MAX($V$4:$V72)+1,"") -> 0
A74: 46227 | B74: 0.66666667 | C74: Profissional A | D74: P043 | E74: Retorno | F74: Faltou | J74: =IF($D74="","",IFERROR(INDEX(PacNome,MATCH($D74,PacCod,0)),"Paciente não cadastrado")) -> Paciente 043 | K74: =IF($D74="","",IFERROR(INDEX(PacConv,MATCH($D74,PacCod,0))&"","")) -> Convênio A | L74: =IF($A74="","",CHOOSE(WEEKDAY($A74,2),"Seg","Ter","Qua","Qui","Sex","Sáb","Dom")) -> Sex | M74: =IF($E74="","",IF($G74<>"",$G74,IFERROR(INDEX(ProcValor,MATCH($E74,ProcNome,0)),0))) -> 150 | N74: =IF($M74="","",IF($F74="Compareceu",$M74,0)) -> 0 | O74: =IF($M74="","",IF($F74="Faltou",$M74,0)) -> 150 | P74: =IF($M74="","",IF($F74="Compareceu",MAX(0,$M74-N($H74)),0)) -> 0 | Q74: =IF(AND($F74="Compareceu",$E74<>"",$A74<>""),IF(IFERROR(INDEX(ProcRet,MATCH($E74,ProcNome,0)),0)>0,$A74+INDEX(ProcRet,MATCH($E74,ProcNome,0)),""),"") -> 0 | R74: =IF($Q74="","",IF(COUNTIFS(AgPac,$D74,AgData,">"&$A74,AgStatus,"<>Cancelado",AgStatus,"<>Remarcado")>0,"Sim","Não")) -> 0 | S74: =IF($A74="","",IF(AND($F74="Agendado",$A74-Hoje>=0,$A74-Hoje<=DiasConf),"CONFIRMAR",IF(AND($A74<Hoje,OR($F74="Agendado",$F74="Confirmado")),"Atualizar status",IF(AND($F74="Compareceu",$P74>0.005),"Cobrar",IF($F74="Faltou","Falta: reagendar",""))))) -> Falta: reagendar | T74: =IF($A74="","",DATE(YEAR($A74),MONTH($A74),1)) -> 46204 | U74: =IF($S74="CONFIRMAR",MAX($U$4:$U73)+1,"") -> 0 | V74: =IF(AND($R74="Não",$Q74<>"",$Q74<=Hoje+JanelaRet,$Q74>=Hoje-60),MAX($V$4:$V73)+1,"") -> 0
A75: 46228 | B75: 0.625 | C75: Profissional A | D75: P009 | E75: Retorno | F75: Compareceu | G75: 90 | H75: 90 | I75: Pix | J75: =IF($D75="","",IFERROR(INDEX(PacNome,MATCH($D75,PacCod,0)),"Paciente não cadastrado")) -> Paciente 009 | K75: =IF($D75="","",IFERROR(INDEX(PacConv,MATCH($D75,PacCod,0))&"","")) -> Convênio A | L75: =IF($A75="","",CHOOSE(WEEKDAY($A75,2),"Seg","Ter","Qua","Qui","Sex","Sáb","Dom")) -> Sáb | M75: =IF($E75="","",IF($G75<>"",$G75,IFERROR(INDEX(ProcValor,MATCH($E75,ProcNome,0)),0))) -> 90 | N75: =IF($M75="","",IF($F75="Compareceu",$M75,0)) -> 90 | O75: =IF($M75="","",IF($F75="Faltou",$M75,0)) -> 0 | P75: =IF($M75="","",IF($F75="Compareceu",MAX(0,$M75-N($H75)),0)) -> 0 | Q75: =IF(AND($F75="Compareceu",$E75<>"",$A75<>""),IF(IFERROR(INDEX(ProcRet,MATCH($E75,ProcNome,0)),0)>0,$A75+INDEX(ProcRet,MATCH($E75,ProcNome,0)),""),"") -> 0 | R75: =IF($Q75="","",IF(COUNTIFS(AgPac,$D75,AgData,">"&$A75,AgStatus,"<>Cancelado",AgStatus,"<>Remarcado")>0,"Sim","Não")) -> 0 | S75: =IF($A75="","",IF(AND($F75="Agendado",$A75-Hoje>=0,$A75-Hoje<=DiasConf),"CONFIRMAR",IF(AND($A75<Hoje,OR($F75="Agendado",$F75="Confirmado")),"Atualizar status",IF(AND($F75="Compareceu",$P75>0.005),"Cobrar",IF($F75="Faltou","Falta: reagendar",""))))) -> 0 | T75: =IF($A75="","",DATE(YEAR($A75),MONTH($A75),1)) -> 46204 | U75: =IF($S75="CONFIRMAR",MAX($U$4:$U74)+1,"") -> 0 | V75: =IF(AND($R75="Não",$Q75<>"",$Q75<=Hoje+JanelaRet,$Q75>=Hoje-60),MAX($V$4:$V74)+1,"") -> 0
A76: 46228 | B76: 0.70833333 | C76: Profissional B | D76: P011 | E76: Sessão | F76: Compareceu | G76: 84 | H76: 84 | I76: Cartão de débito | J76: =IF($D76="","",IFERROR(INDEX(PacNome,MATCH($D76,PacCod,0)),"Paciente não cadastrado")) -> Paciente 011 | K76: =IF($D76="","",IFERROR(INDEX(PacConv,MATCH($D76,PacCod,0))&"","")) -> Convênio A | L76: =IF($A76="","",CHOOSE(WEEKDAY($A76,2),"Seg","Ter","Qua","Qui","Sex","Sáb","Dom")) -> Sáb | M76: =IF($E76="","",IF($G76<>"",$G76,IFERROR(INDEX(ProcValor,MATCH($E76,ProcNome,0)),0))) -> 84 | N76: =IF($M76="","",IF($F76="Compareceu",$M76,0)) -> 84 | O76: =IF($M76="","",IF($F76="Faltou",$M76,0)) -> 0 | P76: =IF($M76="","",IF($F76="Compareceu",MAX(0,$M76-N($H76)),0)) -> 0 | Q76: =IF(AND($F76="Compareceu",$E76<>"",$A76<>""),IF(IFERROR(INDEX(ProcRet,MATCH($E76,ProcNome,0)),0)>0,$A76+INDEX(ProcRet,MATCH($E76,ProcNome,0)),""),"") -> 46235 | R76: =IF($Q76="","",IF(COUNTIFS(AgPac,$D76,AgData,">"&$A76,AgStatus,"<>Cancelado",AgStatus,"<>Remarcado")>0,"Sim","Não")) -> Sim | S76: =IF($A76="","",IF(AND($F76="Agendado",$A76-Hoje>=0,$A76-Hoje<=DiasConf),"CONFIRMAR",IF(AND($A76<Hoje,OR($F76="Agendado",$F76="Confirmado")),"Atualizar status",IF(AND($F76="Compareceu",$P76>0.005),"Cobrar",IF($F76="Faltou","Falta: reagendar",""))))) -> 0 | T76: =IF($A76="","",DATE(YEAR($A76),MONTH($A76),1)) -> 46204 | U76: =IF($S76="CONFIRMAR",MAX($U$4:$U75)+1,"") -> 0 | V76: =IF(AND($R76="Não",$Q76<>"",$Q76<=Hoje+JanelaRet,$Q76>=Hoje-60),MAX($V$4:$V75)+1,"") -> 0
A77: 46230 | B77: 0.39583333 | C77: Profissional C | D77: P018 | E77: Sessão | F77: Compareceu | H77: 140 | I77: Dinheiro | J77: =IF($D77="","",IFERROR(INDEX(PacNome,MATCH($D77,PacCod,0)),"Paciente não cadastrado")) -> Paciente 018 | K77: =IF($D77="","",IFERROR(INDEX(PacConv,MATCH($D77,PacCod,0))&"","")) -> Particular | L77: =IF($A77="","",CHOOSE(WEEKDAY($A77,2),"Seg","Ter","Qua","Qui","Sex","Sáb","Dom")) -> Seg | M77: =IF($E77="","",IF($G77<>"",$G77,IFERROR(INDEX(ProcValor,MATCH($E77,ProcNome,0)),0))) -> 140 | N77: =IF($M77="","",IF($F77="Compareceu",$M77,0)) -> 140 | O77: =IF($M77="","",IF($F77="Faltou",$M77,0)) -> 0 | P77: =IF($M77="","",IF($F77="Compareceu",MAX(0,$M77-N($H77)),0)) -> 0 | Q77: =IF(AND($F77="Compareceu",$E77<>"",$A77<>""),IF(IFERROR(INDEX(ProcRet,MATCH($E77,ProcNome,0)),0)>0,$A77+INDEX(ProcRet,MATCH($E77,ProcNome,0)),""),"") -> 46237 | R77: =IF($Q77="","",IF(COUNTIFS(AgPac,$D77,AgData,">"&$A77,AgStatus,"<>Cancelado",AgStatus,"<>Remarcado")>0,"Sim","Não")) -> Sim | S77: =IF($A77="","",IF(AND($F77="Agendado",$A77-Hoje>=0,$A77-Hoje<=DiasConf),"CONFIRMAR",IF(AND($A77<Hoje,OR($F77="Agendado",$F77="Confirmado")),"Atualizar status",IF(AND($F77="Compareceu",$P77>0.005),"Cobrar",IF($F77="Faltou","Falta: reagendar",""))))) -> 0 | T77: =IF($A77="","",DATE(YEAR($A77),MONTH($A77),1)) -> 46204 | U77: =IF($S77="CONFIRMAR",MAX($U$4:$U76)+1,"") -> 0 | V77: =IF(AND($R77="Não",$Q77<>"",$Q77<=Hoje+JanelaRet,$Q77>=Hoje-60),MAX($V$4:$V76)+1,"") -> 0
A78: 46230 | B78: 0.47916667 | C78: Profissional B | D78: P008 | E78: Revisão | F78: Compareceu | H78: 130 | I78: Pix | J78: =IF($D78="","",IFERROR(INDEX(PacNome,MATCH($D78,PacCod,0)),"Paciente não cadastrado")) -> Paciente 008 | K78: =IF($D78="","",IFERROR(INDEX(PacConv,MATCH($D78,PacCod,0))&"","")) -> Particular | L78: =IF($A78="","",CHOOSE(WEEKDAY($A78,2),"Seg","Ter","Qua","Qui","Sex","Sáb","Dom")) -> Seg | M78: =IF($E78="","",IF($G78<>"",$G78,IFERROR(INDEX(ProcValor,MATCH($E78,ProcNome,0)),0))) -> 130 | N78: =IF($M78="","",IF($F78="Compareceu",$M78,0)) -> 130 | O78: =IF($M78="","",IF($F78="Faltou",$M78,0)) -> 0 | P78: =IF($M78="","",IF($F78="Compareceu",MAX(0,$M78-N($H78)),0)) -> 0 | Q78: =IF(AND($F78="Compareceu",$E78<>"",$A78<>""),IF(IFERROR(INDEX(ProcRet,MATCH($E78,ProcNome,0)),0)>0,$A78+INDEX(ProcRet,MATCH($E78,ProcNome,0)),""),"") -> 46320 | R78: =IF($Q78="","",IF(COUNTIFS(AgPac,$D78,AgData,">"&$A78,AgStatus,"<>Cancelado",AgStatus,"<>Remarcado")>0,"Sim","Não")) -> Sim | S78: =IF($A78="","",IF(AND($F78="Agendado",$A78-Hoje>=0,$A78-Hoje<=DiasConf),"CONFIRMAR",IF(AND($A78<Hoje,OR($F78="Agendado",$F78="Confirmado")),"Atualizar status",IF(AND($F78="Compareceu",$P78>0.005),"Cobrar",IF($F78="Faltou","Falta: reagendar",""))))) -> 0 | T78: =IF($A78="","",DATE(YEAR($A78),MONTH($A78),1)) -> 46204 | U78: =IF($S78="CONFIRMAR",MAX($U$4:$U77)+1,"") -> 0 | V78: =IF(AND($R78="Não",$Q78<>"",$Q78<=Hoje+JanelaRet,$Q78>=Hoje-60),MAX($V$4:$V77)+1,"") -> 0
A79: 46230 | B79: 0.5625 | C79: Profissional C | D79: P026 | E79: Avaliação | F79: Cancelado | J79: =IF($D79="","",IFERROR(INDEX(PacNome,MATCH($D79,PacCod,0)),"Paciente não cadastrado")) -> Paciente 026 | K79: =IF($D79="","",IFERROR(INDEX(PacConv,MATCH($D79,PacCod,0))&"","")) -> Convênio A | L79: =IF($A79="","",CHOOSE(WEEKDAY($A79,2),"Seg","Ter","Qua","Qui","Sex","Sáb","Dom")) -> Seg | M79: =IF($E79="","",IF($G79<>"",$G79,IFERROR(INDEX(ProcValor,MATCH($E79,ProcNome,0)),0))) -> 120 | N79: =IF($M79="","",IF($F79="Compareceu",$M79,0)) -> 0 | O79: =IF($M79="","",IF($F79="Faltou",$M79,0)) -> 0 | P79: =IF($M79="","",IF($F79="Compareceu",MAX(0,$M79-N($H79)),0)) -> 0 | Q79: =IF(AND($F79="Compareceu",$E79<>"",$A79<>""),IF(IFERROR(INDEX(ProcRet,MATCH($E79,ProcNome,0)),0)>0,$A79+INDEX(ProcRet,MATCH($E79,ProcNome,0)),""),"") -> 0 | R79: =IF($Q79="","",IF(COUNTIFS(AgPac,$D79,AgData,">"&$A79,AgStatus,"<>Cancelado",AgStatus,"<>Remarcado")>0,"Sim","Não")) -> 0 | S79: =IF($A79="","",IF(AND($F79="Agendado",$A79-Hoje>=0,$A79-Hoje<=DiasConf),"CONFIRMAR",IF(AND($A79<Hoje,OR($F79="Agendado",$F79="Confirmado")),"Atualizar status",IF(AND($F79="Compareceu",$P79>0.005),"Cobrar",IF($F79="Faltou","Falta: reagendar",""))))) -> 0 | T79: =IF($A79="","",DATE(YEAR($A79),MONTH($A79),1)) -> 46204 | U79: =IF($S79="CONFIRMAR",MAX($U$4:$U78)+1,"") -> 0 | V79: =IF(AND($R79="Não",$Q79<>"",$Q79<=Hoje+JanelaRet,$Q79>=Hoje-60),MAX($V$4:$V78)+1,"") -> 0
A80: 46230 | B80: 0.625 | C80: Profissional B | D80: P004 | E80: Exame complementar | F80: Faltou | J80: =IF($D80="","",IFERROR(INDEX(PacNome,MATCH($D80,PacCod,0)),"Paciente não cadastrado")) -> Paciente 004 | K80: =IF($D80="","",IFERROR(INDEX(PacConv,MATCH($D80,PacCod,0))&"","")) -> Particular | L80: =IF($A80="","",CHOOSE(WEEKDAY($A80,2),"Seg","Ter","Qua","Qui","Sex","Sáb","Dom")) -> Seg | M80: =IF($E80="","",IF($G80<>"",$G80,IFERROR(INDEX(ProcValor,MATCH($E80,ProcNome,0)),0))) -> 90 | N80: =IF($M80="","",IF($F80="Compareceu",$M80,0)) -> 0 | O80: =IF($M80="","",IF($F80="Faltou",$M80,0)) -> 90 | P80: =IF($M80="","",IF($F80="Compareceu",MAX(0,$M80-N($H80)),0)) -> 0 | Q80: =IF(AND($F80="Compareceu",$E80<>"",$A80<>""),IF(IFERROR(INDEX(ProcRet,MATCH($E80,ProcNome,0)),0)>0,$A80+INDEX(ProcRet,MATCH($E80,ProcNome,0)),""),"") -> 0 | R80: =IF($Q80="","",IF(COUNTIFS(AgPac,$D80,AgData,">"&$A80,AgStatus,"<>Cancelado",AgStatus,"<>Remarcado")>0,"Sim","Não")) -> 0 | S80: =IF($A80="","",IF(AND($F80="Agendado",$A80-Hoje>=0,$A80-Hoje<=DiasConf),"CONFIRMAR",IF(AND($A80<Hoje,OR($F80="Agendado",$F80="Confirmado")),"Atualizar status",IF(AND($F80="Compareceu",$P80>0.005),"Cobrar",IF($F80="Faltou","Falta: reagendar",""))))) -> Falta: reagendar | T80: =IF($A80="","",DATE(YEAR($A80),MONTH($A80),1)) -> 46204 | U80: =IF($S80="CONFIRMAR",MAX($U$4:$U79)+1,"") -> 0 | V80: =IF(AND($R80="Não",$Q80<>"",$Q80<=Hoje+JanelaRet,$Q80>=Hoje-60),MAX($V$4:$V79)+1,"") -> 0
A81: 46231 | B81: 0.33333333 | C81: Profissional C | D81: P035 | E81: Avaliação | F81: Compareceu | H81: 120 | I81: Transferência | J81: =IF($D81="","",IFERROR(INDEX(PacNome,MATCH($D81,PacCod,0)),"Paciente não cadastrado")) -> Paciente 035 | K81: =IF($D81="","",IFERROR(INDEX(PacConv,MATCH($D81,PacCod,0))&"","")) -> Particular | L81: =IF($A81="","",CHOOSE(WEEKDAY($A81,2),"Seg","Ter","Qua","Qui","Sex","Sáb","Dom")) -> Ter | M81: =IF($E81="","",IF($G81<>"",$G81,IFERROR(INDEX(ProcValor,MATCH($E81,ProcNome,0)),0))) -> 120 | N81: =IF($M81="","",IF($F81="Compareceu",$M81,0)) -> 120 | O81: =IF($M81="","",IF($F81="Faltou",$M81,0)) -> 0 | P81: =IF($M81="","",IF($F81="Compareceu",MAX(0,$M81-N($H81)),0)) -> 0 | Q81: =IF(AND($F81="Compareceu",$E81<>"",$A81<>""),IF(IFERROR(INDEX(ProcRet,MATCH($E81,ProcNome,0)),0)>0,$A81+INDEX(ProcRet,MATCH($E81,ProcNome,0)),""),"") -> 46261 | R81: =IF($Q81="","",IF(COUNTIFS(AgPac,$D81,AgData,">"&$A81,AgStatus,"<>Cancelado",AgStatus,"<>Remarcado")>0,"Sim","Não")) -> Sim | S81: =IF($A81="","",IF(AND($F81="Agendado",$A81-Hoje>=0,$A81-Hoje<=DiasConf),"CONFIRMAR",IF(AND($A81<Hoje,OR($F81="Agendado",$F81="Confirmado")),"Atualizar status",IF(AND($F81="Compareceu",$P81>0.005),"Cobrar",IF($F81="Faltou","Falta: reagendar",""))))) -> 0 | T81: =IF($A81="","",DATE(YEAR($A81),MONTH($A81),1)) -> 46204 | U81: =IF($S81="CONFIRMAR",MAX($U$4:$U80)+1,"") -> 0 | V81: =IF(AND($R81="Não",$Q81<>"",$Q81<=Hoje+JanelaRet,$Q81>=Hoje-60),MAX($V$4:$V80)+1,"") -> 0
A82: 46231 | B82: 0.54166667 | C82: Profissional B | D82: P007 | E82: Retorno | F82: Compareceu | H82: 150 | I82: Transferência | J82: =IF($D82="","",IFERROR(INDEX(PacNome,MATCH($D82,PacCod,0)),"Paciente não cadastrado")) -> Paciente 007 | K82: =IF($D82="","",IFERROR(INDEX(PacConv,MATCH($D82,PacCod,0))&"","")) -> Particular | L82: =IF($A82="","",CHOOSE(WEEKDAY($A82,2),"Seg","Ter","Qua","Qui","Sex","Sáb","Dom")) -> Ter | M82: =IF($E82="","",IF($G82<>"",$G82,IFERROR(INDEX(ProcValor,MATCH($E82,ProcNome,0)),0))) -> 150 | N82: =IF($M82="","",IF($F82="Compareceu",$M82,0)) -> 150 | O82: =IF($M82="","",IF($F82="Faltou",$M82,0)) -> 0 | P82: =IF($M82="","",IF($F82="Compareceu",MAX(0,$M82-N($H82)),0)) -> 0 | Q82: =IF(AND($F82="Compareceu",$E82<>"",$A82<>""),IF(IFERROR(INDEX(ProcRet,MATCH($E82,ProcNome,0)),0)>0,$A82+INDEX(ProcRet,MATCH($E82,ProcNome,0)),""),"") -> 0 | R82: =IF($Q82="","",IF(COUNTIFS(AgPac,$D82,AgData,">"&$A82,AgStatus,"<>Cancelado",AgStatus,"<>Remarcado")>0,"Sim","Não")) -> 0 | S82: =IF($A82="","",IF(AND($F82="Agendado",$A82-Hoje>=0,$A82-Hoje<=DiasConf),"CONFIRMAR",IF(AND($A82<Hoje,OR($F82="Agendado",$F82="Confirmado")),"Atualizar status",IF(AND($F82="Compareceu",$P82>0.005),"Cobrar",IF($F82="Faltou","Falta: reagendar",""))))) -> 0 | T82: =IF($A82="","",DATE(YEAR($A82),MONTH($A82),1)) -> 46204 | U82: =IF($S82="CONFIRMAR",MAX($U$4:$U81)+1,"") -> 0 | V82: =IF(AND($R82="Não",$Q82<>"",$Q82<=Hoje+JanelaRet,$Q82>=Hoje-60),MAX($V$4:$V81)+1,"") -> 0
A83: 46231 | B83: 0.66666667 | C83: Profissional A | D83: P025 | E83: Sessão | F83: Cancelado | J83: =IF($D83="","",IFERROR(INDEX(PacNome,MATCH($D83,PacCod,0)),"Paciente não cadastrado")) -> Paciente 025 | K83: =IF($D83="","",IFERROR(INDEX(PacConv,MATCH($D83,PacCod,0))&"","")) -> Convênio A | L83: =IF($A83="","",CHOOSE(WEEKDAY($A83,2),"Seg","Ter","Qua","Qui","Sex","Sáb","Dom")) -> Ter | M83: =IF($E83="","",IF($G83<>"",$G83,IFERROR(INDEX(ProcValor,MATCH($E83,ProcNome,0)),0))) -> 140 | N83: =IF($M83="","",IF($F83="Compareceu",$M83,0)) -> 0 | O83: =IF($M83="","",IF($F83="Faltou",$M83,0)) -> 0 | P83: =IF($M83="","",IF($F83="Compareceu",MAX(0,$M83-N($H83)),0)) -> 0 | Q83: =IF(AND($F83="Compareceu",$E83<>"",$A83<>""),IF(IFERROR(INDEX(ProcRet,MATCH($E83,ProcNome,0)),0)>0,$A83+INDEX(ProcRet,MATCH($E83,ProcNome,0)),""),"") -> 0 | R83: =IF($Q83="","",IF(COUNTIFS(AgPac,$D83,AgData,">"&$A83,AgStatus,"<>Cancelado",AgStatus,"<>Remarcado")>0,"Sim","Não")) -> 0 | S83: =IF($A83="","",IF(AND($F83="Agendado",$A83-Hoje>=0,$A83-Hoje<=DiasConf),"CONFIRMAR",IF(AND($A83<Hoje,OR($F83="Agendado",$F83="Confirmado")),"Atualizar status",IF(AND($F83="Compareceu",$P83>0.005),"Cobrar",IF($F83="Faltou","Falta: reagendar",""))))) -> 0 | T83: =IF($A83="","",DATE(YEAR($A83),MONTH($A83),1)) -> 46204 | U83: =IF($S83="CONFIRMAR",MAX($U$4:$U82)+1,"") -> 0 | V83: =IF(AND($R83="Não",$Q83<>"",$Q83<=Hoje+JanelaRet,$Q83>=Hoje-60),MAX($V$4:$V82)+1,"") -> 0
A84: 46231 | B84: 0.70833333 | C84: Profissional A | D84: P004 | E84: Retorno | F84: Compareceu | H84: 150 | I84: Dinheiro | J84: =IF($D84="","",IFERROR(INDEX(PacNome,MATCH($D84,PacCod,0)),"Paciente não cadastrado")) -> Paciente 004 | K84: =IF($D84="","",IFERROR(INDEX(PacConv,MATCH($D84,PacCod,0))&"","")) -> Particular | L84: =IF($A84="","",CHOOSE(WEEKDAY($A84,2),"Seg","Ter","Qua","Qui","Sex","Sáb","Dom")) -> Ter | M84: =IF($E84="","",IF($G84<>"",$G84,IFERROR(INDEX(ProcValor,MATCH($E84,ProcNome,0)),0))) -> 150 | N84: =IF($M84="","",IF($F84="Compareceu",$M84,0)) -> 150 | O84: =IF($M84="","",IF($F84="Faltou",$M84,0)) -> 0 | P84: =IF($M84="","",IF($F84="Compareceu",MAX(0,$M84-N($H84)),0)) -> 0 | Q84: =IF(AND($F84="Compareceu",$E84<>"",$A84<>""),IF(IFERROR(INDEX(ProcRet,MATCH($E84,ProcNome,0)),0)>0,$A84+INDEX(ProcRet,MATCH($E84,ProcNome,0)),""),"") -> 0 | R84: =IF($Q84="","",IF(COUNTIFS(AgPac,$D84,AgData,">"&$A84,AgStatus,"<>Cancelado",AgStatus,"<>Remarcado")>0,"Sim","Não")) -> 0 | S84: =IF($A84="","",IF(AND($F84="Agendado",$A84-Hoje>=0,$A84-Hoje<=DiasConf),"CONFIRMAR",IF(AND($A84<Hoje,OR($F84="Agendado",$F84="Confirmado")),"Atualizar status",IF(AND($F84="Compareceu",$P84>0.005),"Cobrar",IF($F84="Faltou","Falta: reagendar",""))))) -> 0 | T84: =IF($A84="","",DATE(YEAR($A84),MONTH($A84),1)) -> 46204 | U84: =IF($S84="CONFIRMAR",MAX($U$4:$U83)+1,"") -> 0 | V84: =IF(AND($R84="Não",$Q84<>"",$Q84<=Hoje+JanelaRet,$Q84>=Hoje-60),MAX($V$4:$V83)+1,"") -> 0
A85: 46232 | B85: 0.35416667 | C85: Profissional B | D85: P040 | E85: Retorno | F85: Compareceu | H85: 150 | I85: Dinheiro | J85: =IF($D85="","",IFERROR(INDEX(PacNome,MATCH($D85,PacCod,0)),"Paciente não cadastrado")) -> Paciente 040 | K85: =IF($D85="","",IFERROR(INDEX(PacConv,MATCH($D85,PacCod,0))&"","")) -> Particular | L85: =IF($A85="","",CHOOSE(WEEKDAY($A85,2),"Seg","Ter","Qua","Qui","Sex","Sáb","Dom")) -> Qua | M85: =IF($E85="","",IF($G85<>"",$G85,IFERROR(INDEX(ProcValor,MATCH($E85,ProcNome,0)),0))) -> 150 | N85: =IF($M85="","",IF($F85="Compareceu",$M85,0)) -> 150 | O85: =IF($M85="","",IF($F85="Faltou",$M85,0)) -> 0 | P85: =IF($M85="","",IF($F85="Compareceu",MAX(0,$M85-N($H85)),0)) -> 0 | Q85: =IF(AND($F85="Compareceu",$E85<>"",$A85<>""),IF(IFERROR(INDEX(ProcRet,MATCH($E85,ProcNome,0)),0)>0,$A85+INDEX(ProcRet,MATCH($E85,ProcNome,0)),""),"") -> 0 | R85: =IF($Q85="","",IF(COUNTIFS(AgPac,$D85,AgData,">"&$A85,AgStatus,"<>Cancelado",AgStatus,"<>Remarcado")>0,"Sim","Não")) -> 0 | S85: =IF($A85="","",IF(AND($F85="Agendado",$A85-Hoje>=0,$A85-Hoje<=DiasConf),"CONFIRMAR",IF(AND($A85<Hoje,OR($F85="Agendado",$F85="Confirmado")),"Atualizar status",IF(AND($F85="Compareceu",$P85>0.005),"Cobrar",IF($F85="Faltou","Falta: reagendar",""))))) -> 0 | T85: =IF($A85="","",DATE(YEAR($A85),MONTH($A85),1)) -> 46204 | U85: =IF($S85="CONFIRMAR",MAX($U$4:$U84)+1,"") -> 0 | V85: =IF(AND($R85="Não",$Q85<>"",$Q85<=Hoje+JanelaRet,$Q85>=Hoje-60),MAX($V$4:$V84)+1,"") -> 0
A86: 46232 | B86: 0.39583333 | C86: Profissional C | D86: P032 | E86: Avaliação | F86: Compareceu | G86: 72 | H86: 72 | I86: Cartão de débito | J86: =IF($D86="","",IFERROR(INDEX(PacNome,MATCH($D86,PacCod,0)),"Paciente não cadastrado")) -> Paciente 032 | K86: =IF($D86="","",IFERROR(INDEX(PacConv,MATCH($D86,PacCod,0))&"","")) -> Convênio A | L86: =IF($A86="","",CHOOSE(WEEKDAY($A86,2),"Seg","Ter","Qua","Qui","Sex","Sáb","Dom")) -> Qua | M86: =IF($E86="","",IF($G86<>"",$G86,IFERROR(INDEX(ProcValor,MATCH($E86,ProcNome,0)),0))) -> 72 | N86: =IF($M86="","",IF($F86="Compareceu",$M86,0)) -> 72 | O86: =IF($M86="","",IF($F86="Faltou",$M86,0)) -> 0 | P86: =IF($M86="","",IF($F86="Compareceu",MAX(0,$M86-N($H86)),0)) -> 0 | Q86: =IF(AND($F86="Compareceu",$E86<>"",$A86<>""),IF(IFERROR(INDEX(ProcRet,MATCH($E86,ProcNome,0)),0)>0,$A86+INDEX(ProcRet,MATCH($E86,ProcNome,0)),""),"") -> 46262 | R86: =IF($Q86="","",IF(COUNTIFS(AgPac,$D86,AgData,">"&$A86,AgStatus,"<>Cancelado",AgStatus,"<>Remarcado")>0,"Sim","Não")) -> Sim | S86: =IF($A86="","",IF(AND($F86="Agendado",$A86-Hoje>=0,$A86-Hoje<=DiasConf),"CONFIRMAR",IF(AND($A86<Hoje,OR($F86="Agendado",$F86="Confirmado")),"Atualizar status",IF(AND($F86="Compareceu",$P86>0.005),"Cobrar",IF($F86="Faltou","Falta: reagendar",""))))) -> 0 | T86: =IF($A86="","",DATE(YEAR($A86),MONTH($A86),1)) -> 46204 | U86: =IF($S86="CONFIRMAR",MAX($U$4:$U85)+1,"") -> 0 | V86: =IF(AND($R86="Não",$Q86<>"",$Q86<=Hoje+JanelaRet,$Q86>=Hoje-60),MAX($V$4:$V85)+1,"") -> 0
A87: 46232 | B87: 0.4375 | C87: Profissional D | D87: P042 | E87: Retorno | F87: Compareceu | H87: 150 | I87: Transferência | J87: =IF($D87="","",IFERROR(INDEX(PacNome,MATCH($D87,PacCod,0)),"Paciente não cadastrado")) -> Paciente 042 | K87: =IF($D87="","",IFERROR(INDEX(PacConv,MATCH($D87,PacCod,0))&"","")) -> Particular | L87: =IF($A87="","",CHOOSE(WEEKDAY($A87,2),"Seg","Ter","Qua","Qui","Sex","Sáb","Dom")) -> Qua | M87: =IF($E87="","",IF($G87<>"",$G87,IFERROR(INDEX(ProcValor,MATCH($E87,ProcNome,0)),0))) -> 150 | N87: =IF($M87="","",IF($F87="Compareceu",$M87,0)) -> 150 | O87: =IF($M87="","",IF($F87="Faltou",$M87,0)) -> 0 | P87: =IF($M87="","",IF($F87="Compareceu",MAX(0,$M87-N($H87)),0)) -> 0 | Q87: =IF(AND($F87="Compareceu",$E87<>"",$A87<>""),IF(IFERROR(INDEX(ProcRet,MATCH($E87,ProcNome,0)),0)>0,$A87+INDEX(ProcRet,MATCH($E87,ProcNome,0)),""),"") -> 0 | R87: =IF($Q87="","",IF(COUNTIFS(AgPac,$D87,AgData,">"&$A87,AgStatus,"<>Cancelado",AgStatus,"<>Remarcado")>0,"Sim","Não")) -> 0 | S87: =IF($A87="","",IF(AND($F87="Agendado",$A87-Hoje>=0,$A87-Hoje<=DiasConf),"CONFIRMAR",IF(AND($A87<Hoje,OR($F87="Agendado",$F87="Confirmado")),"Atualizar status",IF(AND($F87="Compareceu",$P87>0.005),"Cobrar",IF($F87="Faltou","Falta: reagendar",""))))) -> 0 | T87: =IF($A87="","",DATE(YEAR($A87),MONTH($A87),1)) -> 46204 | U87: =IF($S87="CONFIRMAR",MAX($U$4:$U86)+1,"") -> 0 | V87: =IF(AND($R87="Não",$Q87<>"",$Q87<=Hoje+JanelaRet,$Q87>=Hoje-60),MAX($V$4:$V86)+1,"") -> 0
A88: 46232 | B88: 0.45833333 | C88: Profissional C | D88: P028 | E88: Sessão | F88: Compareceu | G88: 84 | H88: 84 | I88: Pix | J88: =IF($D88="","",IFERROR(INDEX(PacNome,MATCH($D88,PacCod,0)),"Paciente não cadastrado")) -> Paciente 028 | K88: =IF($D88="","",IFERROR(INDEX(PacConv,MATCH($D88,PacCod,0))&"","")) -> Convênio B | L88: =IF($A88="","",CHOOSE(WEEKDAY($A88,2),"Seg","Ter","Qua","Qui","Sex","Sáb","Dom")) -> Qua | M88: =IF($E88="","",IF($G88<>"",$G88,IFERROR(INDEX(ProcValor,MATCH($E88,ProcNome,0)),0))) -> 84 | N88: =IF($M88="","",IF($F88="Compareceu",$M88,0)) -> 84 | O88: =IF($M88="","",IF($F88="Faltou",$M88,0)) -> 0 | P88: =IF($M88="","",IF($F88="Compareceu",MAX(0,$M88-N($H88)),0)) -> 0 | Q88: =IF(AND($F88="Compareceu",$E88<>"",$A88<>""),IF(IFERROR(INDEX(ProcRet,MATCH($E88,ProcNome,0)),0)>0,$A88+INDEX(ProcRet,MATCH($E88,ProcNome,0)),""),"") -> 46239 | R88: =IF($Q88="","",IF(COUNTIFS(AgPac,$D88,AgData,">"&$A88,AgStatus,"<>Cancelado",AgStatus,"<>Remarcado")>0,"Sim","Não")) -> Sim | S88: =IF($A88="","",IF(AND($F88="Agendado",$A88-Hoje>=0,$A88-Hoje<=DiasConf),"CONFIRMAR",IF(AND($A88<Hoje,OR($F88="Agendado",$F88="Confirmado")),"Atualizar status",IF(AND($F88="Compareceu",$P88>0.005),"Cobrar",IF($F88="Faltou","Falta: reagendar",""))))) -> 0 | T88: =IF($A88="","",DATE(YEAR($A88),MONTH($A88),1)) -> 46204 | U88: =IF($S88="CONFIRMAR",MAX($U$4:$U87)+1,"") -> 0 | V88: =IF(AND($R88="Não",$Q88<>"",$Q88<=Hoje+JanelaRet,$Q88>=Hoje-60),MAX($V$4:$V87)+1,"") -> 0
A89: 46232 | B89: 0.5625 | C89: Profissional A | D89: P037 | E89: Procedimento A | F89: Compareceu | G89: 210 | H89: 210 | I89: Dinheiro | J89: =IF($D89="","",IFERROR(INDEX(PacNome,MATCH($D89,PacCod,0)),"Paciente não cadastrado")) -> Paciente 037 | K89: =IF($D89="","",IFERROR(INDEX(PacConv,MATCH($D89,PacCod,0))&"","")) -> Convênio B | L89: =IF($A89="","",CHOOSE(WEEKDAY($A89,2),"Seg","Ter","Qua","Qui","Sex","Sáb","Dom")) -> Qua | M89: =IF($E89="","",IF($G89<>"",$G89,IFERROR(INDEX(ProcValor,MATCH($E89,ProcNome,0)),0))) -> 210 | N89: =IF($M89="","",IF($F89="Compareceu",$M89,0)) -> 210 | O89: =IF($M89="","",IF($F89="Faltou",$M89,0)) -> 0 | P89: =IF($M89="","",IF($F89="Compareceu",MAX(0,$M89-N($H89)),0)) -> 0 | Q89: =IF(AND($F89="Compareceu",$E89<>"",$A89<>""),IF(IFERROR(INDEX(ProcRet,MATCH($E89,ProcNome,0)),0)>0,$A89+INDEX(ProcRet,MATCH($E89,ProcNome,0)),""),"") -> 46247 | R89: =IF($Q89="","",IF(COUNTIFS(AgPac,$D89,AgData,">"&$A89,AgStatus,"<>Cancelado",AgStatus,"<>Remarcado")>0,"Sim","Não")) -> Sim | S89: =IF($A89="","",IF(AND($F89="Agendado",$A89-Hoje>=0,$A89-Hoje<=DiasConf),"CONFIRMAR",IF(AND($A89<Hoje,OR($F89="Agendado",$F89="Confirmado")),"Atualizar status",IF(AND($F89="Compareceu",$P89>0.005),"Cobrar",IF($F89="Faltou","Falta: reagendar",""))))) -> 0 | T89: =IF($A89="","",DATE(YEAR($A89),MONTH($A89),1)) -> 46204 | U89: =IF($S89="CONFIRMAR",MAX($U$4:$U88)+1,"") -> 0 | V89: =IF(AND($R89="Não",$Q89<>"",$Q89<=Hoje+JanelaRet,$Q89>=Hoje-60),MAX($V$4:$V88)+1,"") -> 0
A90: 46233 | B90: 0.35416667 | C90: Profissional B | D90: P021 | E90: Limpeza / manutenção | F90: Compareceu | G90: 108 | H90: 108 | I90: Cartão de débito | J90: =IF($D90="","",IFERROR(INDEX(PacNome,MATCH($D90,PacCod,0)),"Paciente não cadastrado")) -> Paciente 021 | K90: =IF($D90="","",IFERROR(INDEX(PacConv,MATCH($D90,PacCod,0))&"","")) -> Convênio A | L90: =IF($A90="","",CHOOSE(WEEKDAY($A90,2),"Seg","Ter","Qua","Qui","Sex","Sáb","Dom")) -> Qui | M90: =IF($E90="","",IF($G90<>"",$G90,IFERROR(INDEX(ProcValor,MATCH($E90,ProcNome,0)),0))) -> 108 | N90: =IF($M90="","",IF($F90="Compareceu",$M90,0)) -> 108 | O90: =IF($M90="","",IF($F90="Faltou",$M90,0)) -> 0 | P90: =IF($M90="","",IF($F90="Compareceu",MAX(0,$M90-N($H90)),0)) -> 0 | Q90: =IF(AND($F90="Compareceu",$E90<>"",$A90<>""),IF(IFERROR(INDEX(ProcRet,MATCH($E90,ProcNome,0)),0)>0,$A90+INDEX(ProcRet,MATCH($E90,ProcNome,0)),""),"") -> 46413 | R90: =IF($Q90="","",IF(COUNTIFS(AgPac,$D90,AgData,">"&$A90,AgStatus,"<>Cancelado",AgStatus,"<>Remarcado")>0,"Sim","Não")) -> Sim | S90: =IF($A90="","",IF(AND($F90="Agendado",$A90-Hoje>=0,$A90-Hoje<=DiasConf),"CONFIRMAR",IF(AND($A90<Hoje,OR($F90="Agendado",$F90="Confirmado")),"Atualizar status",IF(AND($F90="Compareceu",$P90>0.005),"Cobrar",IF($F90="Faltou","Falta: reagendar",""))))) -> 0 | T90: =IF($A90="","",DATE(YEAR($A90),MONTH($A90),1)) -> 46204 | U90: =IF($S90="CONFIRMAR",MAX($U$4:$U89)+1,"") -> 0 | V90: =IF(AND($R90="Não",$Q90<>"",$Q90<=Hoje+JanelaRet,$Q90>=Hoje-60),MAX($V$4:$V89)+1,"") -> 0
A91: 46233 | B91: 0.39583333 | C91: Profissional B | D91: P019 | E91: Avaliação | F91: Compareceu | H91: 120 | I91: Cartão de débito | J91: =IF($D91="","",IFERROR(INDEX(PacNome,MATCH($D91,PacCod,0)),"Paciente não cadastrado")) -> Paciente 019 | K91: =IF($D91="","",IFERROR(INDEX(PacConv,MATCH($D91,PacCod,0))&"","")) -> Particular | L91: =IF($A91="","",CHOOSE(WEEKDAY($A91,2),"Seg","Ter","Qua","Qui","Sex","Sáb","Dom")) -> Qui | M91: =IF($E91="","",IF($G91<>"",$G91,IFERROR(INDEX(ProcValor,MATCH($E91,ProcNome,0)),0))) -> 120 | N91: =IF($M91="","",IF($F91="Compareceu",$M91,0)) -> 120 | O91: =IF($M91="","",IF($F91="Faltou",$M91,0)) -> 0 | P91: =IF($M91="","",IF($F91="Compareceu",MAX(0,$M91-N($H91)),0)) -> 0 | Q91: =IF(AND($F91="Compareceu",$E91<>"",$A91<>""),IF(IFERROR(INDEX(ProcRet,MATCH($E91,ProcNome,0)),0)>0,$A91+INDEX(ProcRet,MATCH($E91,ProcNome,0)),""),"") -> 46263 | R91: =IF($Q91="","",IF(COUNTIFS(AgPac,$D91,AgData,">"&$A91,AgStatus,"<>Cancelado",AgStatus,"<>Remarcado")>0,"Sim","Não")) -> Sim | S91: =IF($A91="","",IF(AND($F91="Agendado",$A91-Hoje>=0,$A91-Hoje<=DiasConf),"CONFIRMAR",IF(AND($A91<Hoje,OR($F91="Agendado",$F91="Confirmado")),"Atualizar status",IF(AND($F91="Compareceu",$P91>0.005),"Cobrar",IF($F91="Faltou","Falta: reagendar",""))))) -> 0 | T91: =IF($A91="","",DATE(YEAR($A91),MONTH($A91),1)) -> 46204 | U91: =IF($S91="CONFIRMAR",MAX($U$4:$U90)+1,"") -> 0 | V91: =IF(AND($R91="Não",$Q91<>"",$Q91<=Hoje+JanelaRet,$Q91>=Hoje-60),MAX($V$4:$V90)+1,"") -> 0
A92: 46233 | B92: 0.47916667 | C92: Profissional A | D92: P038 | E92: Exame complementar | F92: Compareceu | G92: 54 | H92: 54 | I92: Transferência | J92: =IF($D92="","",IFERROR(INDEX(PacNome,MATCH($D92,PacCod,0)),"Paciente não cadastrado")) -> Paciente 038 | K92: =IF($D92="","",IFERROR(INDEX(PacConv,MATCH($D92,PacCod,0))&"","")) -> Convênio A | L92: =IF($A92="","",CHOOSE(WEEKDAY($A92,2),"Seg","Ter","Qua","Qui","Sex","Sáb","Dom")) -> Qui | M92: =IF($E92="","",IF($G92<>"",$G92,IFERROR(INDEX(ProcValor,MATCH($E92,ProcNome,0)),0))) -> 54 | N92: =IF($M92="","",IF($F92="Compareceu",$M92,0)) -> 54 | O92: =IF($M92="","",IF($F92="Faltou",$M92,0)) -> 0 | P92: =IF($M92="","",IF($F92="Compareceu",MAX(0,$M92-N($H92)),0)) -> 0 | Q92: =IF(AND($F92="Compareceu",$E92<>"",$A92<>""),IF(IFERROR(INDEX(ProcRet,MATCH($E92,ProcNome,0)),0)>0,$A92+INDEX(ProcRet,MATCH($E92,ProcNome,0)),""),"") -> 0 | R92: =IF($Q92="","",IF(COUNTIFS(AgPac,$D92,AgData,">"&$A92,AgStatus,"<>Cancelado",AgStatus,"<>Remarcado")>0,"Sim","Não")) -> 0 | S92: =IF($A92="","",IF(AND($F92="Agendado",$A92-Hoje>=0,$A92-Hoje<=DiasConf),"CONFIRMAR",IF(AND($A92<Hoje,OR($F92="Agendado",$F92="Confirmado")),"Atualizar status",IF(AND($F92="Compareceu",$P92>0.005),"Cobrar",IF($F92="Faltou","Falta: reagendar",""))))) -> 0 | T92: =IF($A92="","",DATE(YEAR($A92),MONTH($A92),1)) -> 46204 | U92: =IF($S92="CONFIRMAR",MAX($U$4:$U91)+1,"") -> 0 | V92: =IF(AND($R92="Não",$Q92<>"",$Q92<=Hoje+JanelaRet,$Q92>=Hoje-60),MAX($V$4:$V91)+1,"") -> 0
A93: 46233 | B93: 0.5 | C93: Profissional D | D93: P010 | E93: Avaliação | F93: Compareceu | H93: 120 | I93: Dinheiro | J93: =IF($D93="","",IFERROR(INDEX(PacNome,MATCH($D93,PacCod,0)),"Paciente não cadastrado")) -> Paciente 010 | K93: =IF($D93="","",IFERROR(INDEX(PacConv,MATCH($D93,PacCod,0))&"","")) -> Particular | L93: =IF($A93="","",CHOOSE(WEEKDAY($A93,2),"Seg","Ter","Qua","Qui","Sex","Sáb","Dom")) -> Qui | M93: =IF($E93="","",IF($G93<>"",$G93,IFERROR(INDEX(ProcValor,MATCH($E93,ProcNome,0)),0))) -> 120 | N93: =IF($M93="","",IF($F93="Compareceu",$M93,0)) -> 120 | O93: =IF($M93="","",IF($F93="Faltou",$M93,0)) -> 0 | P93: =IF($M93="","",IF($F93="Compareceu",MAX(0,$M93-N($H93)),0)) -> 0 | Q93: =IF(AND($F93="Compareceu",$E93<>"",$A93<>""),IF(IFERROR(INDEX(ProcRet,MATCH($E93,ProcNome,0)),0)>0,$A93+INDEX(ProcRet,MATCH($E93,ProcNome,0)),""),"") -> 46263 | R93: =IF($Q93="","",IF(COUNTIFS(AgPac,$D93,AgData,">"&$A93,AgStatus,"<>Cancelado",AgStatus,"<>Remarcado")>0,"Sim","Não")) -> Sim | S93: =IF($A93="","",IF(AND($F93="Agendado",$A93-Hoje>=0,$A93-Hoje<=DiasConf),"CONFIRMAR",IF(AND($A93<Hoje,OR($F93="Agendado",$F93="Confirmado")),"Atualizar status",IF(AND($F93="Compareceu",$P93>0.005),"Cobrar",IF($F93="Faltou","Falta: reagendar",""))))) -> 0 | T93: =IF($A93="","",DATE(YEAR($A93),MONTH($A93),1)) -> 46204 | U93: =IF($S93="CONFIRMAR",MAX($U$4:$U92)+1,"") -> 0 | V93: =IF(AND($R93="Não",$Q93<>"",$Q93<=Hoje+JanelaRet,$Q93>=Hoje-60),MAX($V$4:$V92)+1,"") -> 0
A94: 46233 | B94: 0.66666667 | C94: Profissional B | D94: P043 | E94: Exame complementar | F94: Compareceu | G94: 54 | H94: 54 | I94: Cartão de débito | J94: =IF($D94="","",IFERROR(INDEX(PacNome,MATCH($D94,PacCod,0)),"Paciente não cadastrado")) -> Paciente 043 | K94: =IF($D94="","",IFERROR(INDEX(PacConv,MATCH($D94,PacCod,0))&"","")) -> Convênio A | L94: =IF($A94="","",CHOOSE(WEEKDAY($A94,2),"Seg","Ter","Qua","Qui","Sex","Sáb","Dom")) -> Qui | M94: =IF($E94="","",IF($G94<>"",$G94,IFERROR(INDEX(ProcValor,MATCH($E94,ProcNome,0)),0))) -> 54 | N94: =IF($M94="","",IF($F94="Compareceu",$M94,0)) -> 54 | O94: =IF($M94="","",IF($F94="Faltou",$M94,0)) -> 0 | P94: =IF($M94="","",IF($F94="Compareceu",MAX(0,$M94-N($H94)),0)) -> 0 | Q94: =IF(AND($F94="Compareceu",$E94<>"",$A94<>""),IF(IFERROR(INDEX(ProcRet,MATCH($E94,ProcNome,0)),0)>0,$A94+INDEX(ProcRet,MATCH($E94,ProcNome,0)),""),"") -> 0 | R94: =IF($Q94="","",IF(COUNTIFS(AgPac,$D94,AgData,">"&$A94,AgStatus,"<>Cancelado",AgStatus,"<>Remarcado")>0,"Sim","Não")) -> 0 | S94: =IF($A94="","",IF(AND($F94="Agendado",$A94-Hoje>=0,$A94-Hoje<=DiasConf),"CONFIRMAR",IF(AND($A94<Hoje,OR($F94="Agendado",$F94="Confirmado")),"Atualizar status",IF(AND($F94="Compareceu",$P94>0.005),"Cobrar",IF($F94="Faltou","Falta: reagendar",""))))) -> 0 | T94: =IF($A94="","",DATE(YEAR($A94),MONTH($A94),1)) -> 46204 | U94: =IF($S94="CONFIRMAR",MAX($U$4:$U93)+1,"") -> 0 | V94: =IF(AND($R94="Não",$Q94<>"",$Q94<=Hoje+JanelaRet,$Q94>=Hoje-60),MAX($V$4:$V93)+1,"") -> 0
A95: 46234 | B95: 0.375 | C95: Profissional C | D95: P022 | E95: Limpeza / manutenção | F95: Cancelado | J95: =IF($D95="","",IFERROR(INDEX(PacNome,MATCH($D95,PacCod,0)),"Paciente não cadastrado")) -> Paciente 022 | K95: =IF($D95="","",IFERROR(INDEX(PacConv,MATCH($D95,PacCod,0))&"","")) -> Convênio A | L95: =IF($A95="","",CHOOSE(WEEKDAY($A95,2),"Seg","Ter","Qua","Qui","Sex","Sáb","Dom")) -> Sex | M95: =IF($E95="","",IF($G95<>"",$G95,IFERROR(INDEX(ProcValor,MATCH($E95,ProcNome,0)),0))) -> 180 | N95: =IF($M95="","",IF($F95="Compareceu",$M95,0)) -> 0 | O95: =IF($M95="","",IF($F95="Faltou",$M95,0)) -> 0 | P95: =IF($M95="","",IF($F95="Compareceu",MAX(0,$M95-N($H95)),0)) -> 0 | Q95: =IF(AND($F95="Compareceu",$E95<>"",$A95<>""),IF(IFERROR(INDEX(ProcRet,MATCH($E95,ProcNome,0)),0)>0,$A95+INDEX(ProcRet,MATCH($E95,ProcNome,0)),""),"") -> 0 | R95: =IF($Q95="","",IF(COUNTIFS(AgPac,$D95,AgData,">"&$A95,AgStatus,"<>Cancelado",AgStatus,"<>Remarcado")>0,"Sim","Não")) -> 0 | S95: =IF($A95="","",IF(AND($F95="Agendado",$A95-Hoje>=0,$A95-Hoje<=DiasConf),"CONFIRMAR",IF(AND($A95<Hoje,OR($F95="Agendado",$F95="Confirmado")),"Atualizar status",IF(AND($F95="Compareceu",$P95>0.005),"Cobrar",IF($F95="Faltou","Falta: reagendar",""))))) -> 0 | T95: =IF($A95="","",DATE(YEAR($A95),MONTH($A95),1)) -> 46204 | U95: =IF($S95="CONFIRMAR",MAX($U$4:$U94)+1,"") -> 0 | V95: =IF(AND($R95="Não",$Q95<>"",$Q95<=Hoje+JanelaRet,$Q95>=Hoje-60),MAX($V$4:$V94)+1,"") -> 0
A96: 46234 | B96: 0.5625 | C96: Profissional A | D96: P045 | E96: Exame complementar | F96: Compareceu | G96: 54 | H96: 54 | I96: Pix | J96: =IF($D96="","",IFERROR(INDEX(PacNome,MATCH($D96,PacCod,0)),"Paciente não cadastrado")) -> Paciente 045 | K96: =IF($D96="","",IFERROR(INDEX(PacConv,MATCH($D96,PacCod,0))&"","")) -> Convênio A | L96: =IF($A96="","",CHOOSE(WEEKDAY($A96,2),"Seg","Ter","Qua","Qui","Sex","Sáb","Dom")) -> Sex | M96: =IF($E96="","",IF($G96<>"",$G96,IFERROR(INDEX(ProcValor,MATCH($E96,ProcNome,0)),0))) -> 54 | N96: =IF($M96="","",IF($F96="Compareceu",$M96,0)) -> 54 | O96: =IF($M96="","",IF($F96="Faltou",$M96,0)) -> 0 | P96: =IF($M96="","",IF($F96="Compareceu",MAX(0,$M96-N($H96)),0)) -> 0 | Q96: =IF(AND($F96="Compareceu",$E96<>"",$A96<>""),IF(IFERROR(INDEX(ProcRet,MATCH($E96,ProcNome,0)),0)>0,$A96+INDEX(ProcRet,MATCH($E96,ProcNome,0)),""),"") -> 0 | R96: =IF($Q96="","",IF(COUNTIFS(AgPac,$D96,AgData,">"&$A96,AgStatus,"<>Cancelado",AgStatus,"<>Remarcado")>0,"Sim","Não")) -> 0 | S96: =IF($A96="","",IF(AND($F96="Agendado",$A96-Hoje>=0,$A96-Hoje<=DiasConf),"CONFIRMAR",IF(AND($A96<Hoje,OR($F96="Agendado",$F96="Confirmado")),"Atualizar status",IF(AND($F96="Compareceu",$P96>0.005),"Cobrar",IF($F96="Faltou","Falta: reagendar",""))))) -> 0 | T96: =IF($A96="","",DATE(YEAR($A96),MONTH($A96),1)) -> 46204 | U96: =IF($S96="CONFIRMAR",MAX($U$4:$U95)+1,"") -> 0 | V96: =IF(AND($R96="Não",$Q96<>"",$Q96<=Hoje+JanelaRet,$Q96>=Hoje-60),MAX($V$4:$V95)+1,"") -> 0
A97: 46234 | B97: 0.66666667 | C97: Profissional B | D97: P045 | E97: Retorno | F97: Compareceu | G97: 90 | H97: 90 | I97: Transferência | J97: =IF($D97="","",IFERROR(INDEX(PacNome,MATCH($D97,PacCod,0)),"Paciente não cadastrado")) -> Paciente 045 | K97: =IF($D97="","",IFERROR(INDEX(PacConv,MATCH($D97,PacCod,0))&"","")) -> Convênio A | L97: =IF($A97="","",CHOOSE(WEEKDAY($A97,2),"Seg","Ter","Qua","Qui","Sex","Sáb","Dom")) -> Sex | M97: =IF($E97="","",IF($G97<>"",$G97,IFERROR(INDEX(ProcValor,MATCH($E97,ProcNome,0)),0))) -> 90 | N97: =IF($M97="","",IF($F97="Compareceu",$M97,0)) -> 90 | O97: =IF($M97="","",IF($F97="Faltou",$M97,0)) -> 0 | P97: =IF($M97="","",IF($F97="Compareceu",MAX(0,$M97-N($H97)),0)) -> 0 | Q97: =IF(AND($F97="Compareceu",$E97<>"",$A97<>""),IF(IFERROR(INDEX(ProcRet,MATCH($E97,ProcNome,0)),0)>0,$A97+INDEX(ProcRet,MATCH($E97,ProcNome,0)),""),"") -> 0 | R97: =IF($Q97="","",IF(COUNTIFS(AgPac,$D97,AgData,">"&$A97,AgStatus,"<>Cancelado",AgStatus,"<>Remarcado")>0,"Sim","Não")) -> 0 | S97: =IF($A97="","",IF(AND($F97="Agendado",$A97-Hoje>=0,$A97-Hoje<=DiasConf),"CONFIRMAR",IF(AND($A97<Hoje,OR($F97="Agendado",$F97="Confirmado")),"Atualizar status",IF(AND($F97="Compareceu",$P97>0.005),"Cobrar",IF($F97="Faltou","Falta: reagendar",""))))) -> 0 | T97: =IF($A97="","",DATE(YEAR($A97),MONTH($A97),1)) -> 46204 | U97: =IF($S97="CONFIRMAR",MAX($U$4:$U96)+1,"") -> 0 | V97: =IF(AND($R97="Não",$Q97<>"",$Q97<=Hoje+JanelaRet,$Q97>=Hoje-60),MAX($V$4:$V96)+1,"") -> 0
A98: 46234 | B98: 0.70833333 | C98: Profissional B | D98: P015 | E98: Exame complementar | F98: Compareceu | G98: 54 | H98: 54 | I98: Dinheiro | J98: =IF($D98="","",IFERROR(INDEX(PacNome,MATCH($D98,PacCod,0)),"Paciente não cadastrado")) -> Paciente 015 | K98: =IF($D98="","",IFERROR(INDEX(PacConv,MATCH($D98,PacCod,0))&"","")) -> Convênio A | L98: =IF($A98="","",CHOOSE(WEEKDAY($A98,2),"Seg","Ter","Qua","Qui","Sex","Sáb","Dom")) -> Sex | M98: =IF($E98="","",IF($G98<>"",$G98,IFERROR(INDEX(ProcValor,MATCH($E98,ProcNome,0)),0))) -> 54 | N98: =IF($M98="","",IF($F98="Compareceu",$M98,0)) -> 54 | O98: =IF($M98="","",IF($F98="Faltou",$M98,0)) -> 0 | P98: =IF($M98="","",IF($F98="Compareceu",MAX(0,$M98-N($H98)),0)) -> 0 | Q98: =IF(AND($F98="Compareceu",$E98<>"",$A98<>""),IF(IFERROR(INDEX(ProcRet,MATCH($E98,ProcNome,0)),0)>0,$A98+INDEX(ProcRet,MATCH($E98,ProcNome,0)),""),"") -> 0 | R98: =IF($Q98="","",IF(COUNTIFS(AgPac,$D98,AgData,">"&$A98,AgStatus,"<>Cancelado",AgStatus,"<>Remarcado")>0,"Sim","Não")) -> 0 | S98: =IF($A98="","",IF(AND($F98="Agendado",$A98-Hoje>=0,$A98-Hoje<=DiasConf),"CONFIRMAR",IF(AND($A98<Hoje,OR($F98="Agendado",$F98="Confirmado")),"Atualizar status",IF(AND($F98="Compareceu",$P98>0.005),"Cobrar",IF($F98="Faltou","Falta: reagendar",""))))) -> 0 | T98: =IF($A98="","",DATE(YEAR($A98),MONTH($A98),1)) -> 46204 | U98: =IF($S98="CONFIRMAR",MAX($U$4:$U97)+1,"") -> 0 | V98: =IF(AND($R98="Não",$Q98<>"",$Q98<=Hoje+JanelaRet,$Q98>=Hoje-60),MAX($V$4:$V97)+1,"") -> 0
A99: 46235 | B99: 0.33333333 | C99: Profissional C | D99: P008 | E99: Exame complementar | F99: Compareceu | H99: 90 | I99: Cartão de débito | J99: =IF($D99="","",IFERROR(INDEX(PacNome,MATCH($D99,PacCod,0)),"Paciente não cadastrado")) -> Paciente 008 | K99: =IF($D99="","",IFERROR(INDEX(PacConv,MATCH($D99,PacCod,0))&"","")) -> Particular | L99: =IF($A99="","",CHOOSE(WEEKDAY($A99,2),"Seg","Ter","Qua","Qui","Sex","Sáb","Dom")) -> Sáb | M99: =IF($E99="","",IF($G99<>"",$G99,IFERROR(INDEX(ProcValor,MATCH($E99,ProcNome,0)),0))) -> 90 | N99: =IF($M99="","",IF($F99="Compareceu",$M99,0)) -> 90 | O99: =IF($M99="","",IF($F99="Faltou",$M99,0)) -> 0 | P99: =IF($M99="","",IF($F99="Compareceu",MAX(0,$M99-N($H99)),0)) -> 0 | Q99: =IF(AND($F99="Compareceu",$E99<>"",$A99<>""),IF(IFERROR(INDEX(ProcRet,MATCH($E99,ProcNome,0)),0)>0,$A99+INDEX(ProcRet,MATCH($E99,ProcNome,0)),""),"") -> 0 | R99: =IF($Q99="","",IF(COUNTIFS(AgPac,$D99,AgData,">"&$A99,AgStatus,"<>Cancelado",AgStatus,"<>Remarcado")>0,"Sim","Não")) -> 0 | S99: =IF($A99="","",IF(AND($F99="Agendado",$A99-Hoje>=0,$A99-Hoje<=DiasConf),"CONFIRMAR",IF(AND($A99<Hoje,OR($F99="Agendado",$F99="Confirmado")),"Atualizar status",IF(AND($F99="Compareceu",$P99>0.005),"Cobrar",IF($F99="Faltou","Falta: reagendar",""))))) -> 0 | T99: =IF($A99="","",DATE(YEAR($A99),MONTH($A99),1)) -> 46235 | U99: =IF($S99="CONFIRMAR",MAX($U$4:$U98)+1,"") -> 0 | V99: =IF(AND($R99="Não",$Q99<>"",$Q99<=Hoje+JanelaRet,$Q99>=Hoje-60),MAX($V$4:$V98)+1,"") -> 0
A100: 46235 | B100: 0.4375 | C100: Profissional D | D100: P021 | E100: Consulta inicial | F100: Compareceu | G100: 150 | H100: 150 | I100: Cartão de crédito | J100: =IF($D100="","",IFERROR(INDEX(PacNome,MATCH($D100,PacCod,0)),"Paciente não cadastrado")) -> Paciente 021 | K100: =IF($D100="","",IFERROR(INDEX(PacConv,MATCH($D100,PacCod,0))&"","")) -> Convênio A | L100: =IF($A100="","",CHOOSE(WEEKDAY($A100,2),"Seg","Ter","Qua","Qui","Sex","Sáb","Dom")) -> Sáb | M100: =IF($E100="","",IF($G100<>"",$G100,IFERROR(INDEX(ProcValor,MATCH($E100,ProcNome,0)),0))) -> 150 | N100: =IF($M100="","",IF($F100="Compareceu",$M100,0)) -> 150 | O100: =IF($M100="","",IF($F100="Faltou",$M100,0)) -> 0 | P100: =IF($M100="","",IF($F100="Compareceu",MAX(0,$M100-N($H100)),0)) -> 0 | Q100: =IF(AND($F100="Compareceu",$E100<>"",$A100<>""),IF(IFERROR(INDEX(ProcRet,MATCH($E100,ProcNome,0)),0)>0,$A100+INDEX(ProcRet,MATCH($E100,ProcNome,0)),""),"") -> 0 | R100: =IF($Q100="","",IF(COUNTIFS(AgPac,$D100,AgData,">"&$A100,AgStatus,"<>Cancelado",AgStatus,"<>Remarcado")>0,"Sim","Não")) -> 0 | S100: =IF($A100="","",IF(AND($F100="Agendado",$A100-Hoje>=0,$A100-Hoje<=DiasConf),"CONFIRMAR",IF(AND($A100<Hoje,OR($F100="Agendado",$F100="Confirmado")),"Atualizar status",IF(AND($F100="Compareceu",$P100>0.005),"Cobrar",IF($F100="Faltou","Falta: reagendar",""))))) -> 0 | T100: =IF($A100="","",DATE(YEAR($A100),MONTH($A100),1)) -> 46235 | U100: =IF($S100="CONFIRMAR",MAX($U$4:$U99)+1,"") -> 0 | V100: =IF(AND($R100="Não",$Q100<>"",$Q100<=Hoje+JanelaRet,$Q100>=Hoje-60),MAX($V$4:$V99)+1,"") -> 0
A101: 46237 | B101: 0.33333333 | C101: Profissional D | D101: P038 | E101: Retorno | F101: Faltou | J101: =IF($D101="","",IFERROR(INDEX(PacNome,MATCH($D101,PacCod,0)),"Paciente não cadastrado")) -> Paciente 038 | K101: =IF($D101="","",IFERROR(INDEX(PacConv,MATCH($D101,PacCod,0))&"","")) -> Convênio A | L101: =IF($A101="","",CHOOSE(WEEKDAY($A101,2),"Seg","Ter","Qua","Qui","Sex","Sáb","Dom")) -> Seg | M101: =IF($E101="","",IF($G101<>"",$G101,IFERROR(INDEX(ProcValor,MATCH($E101,ProcNome,0)),0))) -> 150 | N101: =IF($M101="","",IF($F101="Compareceu",$M101,0)) -> 0 | O101: =IF($M101="","",IF($F101="Faltou",$M101,0)) -> 150 | P101: =IF($M101="","",IF($F101="Compareceu",MAX(0,$M101-N($H101)),0)) -> 0 | Q101: =IF(AND($F101="Compareceu",$E101<>"",$A101<>""),IF(IFERROR(INDEX(ProcRet,MATCH($E101,ProcNome,0)),0)>0,$A101+INDEX(ProcRet,MATCH($E101,ProcNome,0)),""),"") -> 0 | R101: =IF($Q101="","",IF(COUNTIFS(AgPac,$D101,AgData,">"&$A101,AgStatus,"<>Cancelado",AgStatus,"<>Remarcado")>0,"Sim","Não")) -> 0 | S101: =IF($A101="","",IF(AND($F101="Agendado",$A101-Hoje>=0,$A101-Hoje<=DiasConf),"CONFIRMAR",IF(AND($A101<Hoje,OR($F101="Agendado",$F101="Confirmado")),"Atualizar status",IF(AND($F101="Compareceu",$P101>0.005),"Cobrar",IF($F101="Faltou","Falta: reagendar",""))))) -> Falta: reagendar | T101: =IF($A101="","",DATE(YEAR($A101),MONTH($A101),1)) -> 46235 | U101: =IF($S101="CONFIRMAR",MAX($U$4:$U100)+1,"") -> 0 | V101: =IF(AND($R101="Não",$Q101<>"",$Q101<=Hoje+JanelaRet,$Q101>=Hoje-60),MAX($V$4:$V100)+1,"") -> 0
...

Sheet Pendências
A1: Pendências do dia
A2: Confirmações a fazer e retornos que ainda não têm data marcada. | O2: EXEMPLO - dados fictícios
A4: 1) CONFIRMAR agendamentos (próximos dias) | I4: 2) RETORNOS a agendar
A5: # | B5: Data | C5: Hora | D5: Paciente | E5: Telefone | F5: Profissional | G5: Procedimento | I5: # | J5: Retorno previsto | K5: Última visita | L5: Paciente | M5: Telefone | N5: Profissional | O5: Procedimento
A6: 1 | B6: =IFERROR(INDEX(Agenda!$A$5:$A$3004,MATCH($A6,Agenda!$U$5:$U$3004,0)),"") -> 46303 | C6: =IFERROR(INDEX(Agenda!$B$5:$B$3004,MATCH($A6,Agenda!$U$5:$U$3004,0)),"") -> 0.54166667 | D6: =IFERROR(INDEX(Agenda!$J$5:$J$3004,MATCH($A6,Agenda!$U$5:$U$3004,0))&"","") -> Paciente 044 | E6: =IFERROR(INDEX(PacTel,MATCH(INDEX(Agenda!$D$5:$D$3004,MATCH($A6,Agenda!$U$5:$U$3004,0)),PacCod,0))&"","") -> (00) 93672-9645 | F6: =IFERROR(INDEX(Agenda!$C$5:$C$3004,MATCH($A6,Agenda!$U$5:$U$3004,0))&"","") -> Profissional A | G6: =IFERROR(INDEX(Agenda!$E$5:$E$3004,MATCH($A6,Agenda!$U$5:$U$3004,0))&"","") -> Avaliação | I6: 1 | J6: =IFERROR(INDEX(Agenda!$Q$5:$Q$3004,MATCH($I6,Agenda!$V$5:$V$3004,0)),"") -> 46274 | K6: =IFERROR(INDEX(Agenda!$A$5:$A$3004,MATCH($I6,Agenda!$V$5:$V$3004,0)),"") -> 46267 | L6: =IFERROR(INDEX(Agenda!$J$5:$J$3004,MATCH($I6,Agenda!$V$5:$V$3004,0))&"","") -> Paciente 011 | M6: =IFERROR(INDEX(PacTel,MATCH(INDEX(Agenda!$D$5:$D$3004,MATCH($I6,Agenda!$V$5:$V$3004,0)),PacCod,0))&"","") -> (00) 99378-4760 | N6: =IFERROR(INDEX(Agenda!$C$5:$C$3004,MATCH($I6,Agenda!$V$5:$V$3004,0))&"","") -> Profissional A | O6: =IFERROR(INDEX(Agenda!$E$5:$E$3004,MATCH($I6,Agenda!$V$5:$V$3004,0))&"","") -> Sessão
A7: 2 | B7: =IFERROR(INDEX(Agenda!$A$5:$A$3004,MATCH($A7,Agenda!$U$5:$U$3004,0)),"") -> 46304 | C7: =IFERROR(INDEX(Agenda!$B$5:$B$3004,MATCH($A7,Agenda!$U$5:$U$3004,0)),"") -> 0.5 | D7: =IFERROR(INDEX(Agenda!$J$5:$J$3004,MATCH($A7,Agenda!$U$5:$U$3004,0))&"","") -> Paciente 046 | E7: =IFERROR(INDEX(PacTel,MATCH(INDEX(Agenda!$D$5:$D$3004,MATCH($A7,Agenda!$U$5:$U$3004,0)),PacCod,0))&"","") -> (00) 97564-5133 | F7: =IFERROR(INDEX(Agenda!$C$5:$C$3004,MATCH($A7,Agenda!$U$5:$U$3004,0))&"","") -> Profissional C | G7: =IFERROR(INDEX(Agenda!$E$5:$E$3004,MATCH($A7,Agenda!$U$5:$U$3004,0))&"","") -> Retorno | I7: 2 | J7: =IFERROR(INDEX(Agenda!$Q$5:$Q$3004,MATCH($I7,Agenda!$V$5:$V$3004,0)),"") -> 46295 | K7: =IFERROR(INDEX(Agenda!$A$5:$A$3004,MATCH($I7,Agenda!$V$5:$V$3004,0)),"") -> 46280 | L7: =IFERROR(INDEX(Agenda!$J$5:$J$3004,MATCH($I7,Agenda!$V$5:$V$3004,0))&"","") -> Paciente 019 | M7: =IFERROR(INDEX(PacTel,MATCH(INDEX(Agenda!$D$5:$D$3004,MATCH($I7,Agenda!$V$5:$V$3004,0)),PacCod,0))&"","") -> (00) 92583-1703 | N7: =IFERROR(INDEX(Agenda!$C$5:$C$3004,MATCH($I7,Agenda!$V$5:$V$3004,0))&"","") -> Profissional C | O7: =IFERROR(INDEX(Agenda!$E$5:$E$3004,MATCH($I7,Agenda!$V$5:$V$3004,0))&"","") -> Procedimento A
A8: 3 | B8: =IFERROR(INDEX(Agenda!$A$5:$A$3004,MATCH($A8,Agenda!$U$5:$U$3004,0)),"") -> 46304 | C8: =IFERROR(INDEX(Agenda!$B$5:$B$3004,MATCH($A8,Agenda!$U$5:$U$3004,0)),"") -> 0.54166667 | D8: =IFERROR(INDEX(Agenda!$J$5:$J$3004,MATCH($A8,Agenda!$U$5:$U$3004,0))&"","") -> Paciente 026 | E8: =IFERROR(INDEX(PacTel,MATCH(INDEX(Agenda!$D$5:$D$3004,MATCH($A8,Agenda!$U$5:$U$3004,0)),PacCod,0))&"","") -> (00) 92076-9796 | F8: =IFERROR(INDEX(Agenda!$C$5:$C$3004,MATCH($A8,Agenda!$U$5:$U$3004,0))&"","") -> Profissional C | G8: =IFERROR(INDEX(Agenda!$E$5:$E$3004,MATCH($A8,Agenda!$U$5:$U$3004,0))&"","") -> Exame complementar | I8: 3 | J8: =IFERROR(INDEX(Agenda!$Q$5:$Q$3004,MATCH($I8,Agenda!$V$5:$V$3004,0)),"") -> 46288 | K8: =IFERROR(INDEX(Agenda!$A$5:$A$3004,MATCH($I8,Agenda!$V$5:$V$3004,0)),"") -> 46281 | L8: =IFERROR(INDEX(Agenda!$J$5:$J$3004,MATCH($I8,Agenda!$V$5:$V$3004,0))&"","") -> Paciente 004 | M8: =IFERROR(INDEX(PacTel,MATCH(INDEX(Agenda!$D$5:$D$3004,MATCH($I8,Agenda!$V$5:$V$3004,0)),PacCod,0))&"","") -> (00) 95473-1684 | N8: =IFERROR(INDEX(Agenda!$C$5:$C$3004,MATCH($I8,Agenda!$V$5:$V$3004,0))&"","") -> Profissional B | O8: =IFERROR(INDEX(Agenda!$E$5:$E$3004,MATCH($I8,Agenda!$V$5:$V$3004,0))&"","") -> Sessão
A9: 4 | B9: =IFERROR(INDEX(Agenda!$A$5:$A$3004,MATCH($A9,Agenda!$U$5:$U$3004,0)),"") -> 46305 | C9: =IFERROR(INDEX(Agenda!$B$5:$B$3004,MATCH($A9,Agenda!$U$5:$U$3004,0)),"") -> 0.41666667 | D9: =IFERROR(INDEX(Agenda!$J$5:$J$3004,MATCH($A9,Agenda!$U$5:$U$3004,0))&"","") -> Paciente 008 | E9: =IFERROR(INDEX(PacTel,MATCH(INDEX(Agenda!$D$5:$D$3004,MATCH($A9,Agenda!$U$5:$U$3004,0)),PacCod,0))&"","") -> (00) 93219-8421 | F9: =IFERROR(INDEX(Agenda!$C$5:$C$3004,MATCH($A9,Agenda!$U$5:$U$3004,0))&"","") -> Profissional D | G9: =IFERROR(INDEX(Agenda!$E$5:$E$3004,MATCH($A9,Agenda!$U$5:$U$3004,0))&"","") -> Retorno | I9: 4 | J9: =IFERROR(INDEX(Agenda!$Q$5:$Q$3004,MATCH($I9,Agenda!$V$5:$V$3004,0)),"") -> 46290 | K9: =IFERROR(INDEX(Agenda!$A$5:$A$3004,MATCH($I9,Agenda!$V$5:$V$3004,0)),"") -> 46283 | L9: =IFERROR(INDEX(Agenda!$J$5:$J$3004,MATCH($I9,Agenda!$V$5:$V$3004,0))&"","") -> Paciente 017 | M9: =IFERROR(INDEX(PacTel,MATCH(INDEX(Agenda!$D$5:$D$3004,MATCH($I9,Agenda!$V$5:$V$3004,0)),PacCod,0))&"","") -> (00) 95616-9550 | N9: =IFERROR(INDEX(Agenda!$C$5:$C$3004,MATCH($I9,Agenda!$V$5:$V$3004,0))&"","") -> Profissional C | O9: =IFERROR(INDEX(Agenda!$E$5:$E$3004,MATCH($I9,Agenda!$V$5:$V$3004,0))&"","") -> Sessão
A10: 5 | B10: =IFERROR(INDEX(Agenda!$A$5:$A$3004,MATCH($A10,Agenda!$U$5:$U$3004,0)),"") -> 46305 | C10: =IFERROR(INDEX(Agenda!$B$5:$B$3004,MATCH($A10,Agenda!$U$5:$U$3004,0)),"") -> 0.625 | D10: =IFERROR(INDEX(Agenda!$J$5:$J$3004,MATCH($A10,Agenda!$U$5:$U$3004,0))&"","") -> Paciente 021 | E10: =IFERROR(INDEX(PacTel,MATCH(INDEX(Agenda!$D$5:$D$3004,MATCH($A10,Agenda!$U$5:$U$3004,0)),PacCod,0))&"","") -> (00) 94287-5719 | F10: =IFERROR(INDEX(Agenda!$C$5:$C$3004,MATCH($A10,Agenda!$U$5:$U$3004,0))&"","") -> Profissional A | G10: =IFERROR(INDEX(Agenda!$E$5:$E$3004,MATCH($A10,Agenda!$U$5:$U$3004,0))&"","") -> Retorno | I10: 5 | J10: =IFERROR(INDEX(Agenda!$Q$5:$Q$3004,MATCH($I10,Agenda!$V$5:$V$3004,0)),"") -> 46308 | K10: =IFERROR(INDEX(Agenda!$A$5:$A$3004,MATCH($I10,Agenda!$V$5:$V$3004,0)),"") -> 46293 | L10: =IFERROR(INDEX(Agenda!$J$5:$J$3004,MATCH($I10,Agenda!$V$5:$V$3004,0))&"","") -> Paciente 013 | M10: =IFERROR(INDEX(PacTel,MATCH(INDEX(Agenda!$D$5:$D$3004,MATCH($I10,Agenda!$V$5:$V$3004,0)),PacCod,0))&"","") -> (00) 98509-5064 | N10: =IFERROR(INDEX(Agenda!$C$5:$C$3004,MATCH($I10,Agenda!$V$5:$V$3004,0))&"","") -> Profissional A | O10: =IFERROR(INDEX(Agenda!$E$5:$E$3004,MATCH($I10,Agenda!$V$5:$V$3004,0))&"","") -> Procedimento A
A11: 6 | B11: =IFERROR(INDEX(Agenda!$A$5:$A$3004,MATCH($A11,Agenda!$U$5:$U$3004,0)),"") -> 0 | C11: =IFERROR(INDEX(Agenda!$B$5:$B$3004,MATCH($A11,Agenda!$U$5:$U$3004,0)),"") -> 0 | D11: =IFERROR(INDEX(Agenda!$J$5:$J$3004,MATCH($A11,Agenda!$U$5:$U$3004,0))&"","") -> 0 | E11: =IFERROR(INDEX(PacTel,MATCH(INDEX(Agenda!$D$5:$D$3004,MATCH($A11,Agenda!$U$5:$U$3004,0)),PacCod,0))&"","") -> 0 | F11: =IFERROR(INDEX(Agenda!$C$5:$C$3004,MATCH($A11,Agenda!$U$5:$U$3004,0))&"","") -> 0 | G11: =IFERROR(INDEX(Agenda!$E$5:$E$3004,MATCH($A11,Agenda!$U$5:$U$3004,0))&"","") -> 0 | I11: 6 | J11: =IFERROR(INDEX(Agenda!$Q$5:$Q$3004,MATCH($I11,Agenda!$V$5:$V$3004,0)),"") -> 46305 | K11: =IFERROR(INDEX(Agenda!$A$5:$A$3004,MATCH($I11,Agenda!$V$5:$V$3004,0)),"") -> 46298 | L11: =IFERROR(INDEX(Agenda!$J$5:$J$3004,MATCH($I11,Agenda!$V$5:$V$3004,0))&"","") -> Paciente 009 | M11: =IFERROR(INDEX(PacTel,MATCH(INDEX(Agenda!$D$5:$D$3004,MATCH($I11,Agenda!$V$5:$V$3004,0)),PacCod,0))&"","") -> (00) 91510-3710 | N11: =IFERROR(INDEX(Agenda!$C$5:$C$3004,MATCH($I11,Agenda!$V$5:$V$3004,0))&"","") -> Profissional C | O11: =IFERROR(INDEX(Agenda!$E$5:$E$3004,MATCH($I11,Agenda!$V$5:$V$3004,0))&"","") -> Sessão
A12: 7 | B12: =IFERROR(INDEX(Agenda!$A$5:$A$3004,MATCH($A12,Agenda!$U$5:$U$3004,0)),"") -> 0 | C12: =IFERROR(INDEX(Agenda!$B$5:$B$3004,MATCH($A12,Agenda!$U$5:$U$3004,0)),"") -> 0 | D12: =IFERROR(INDEX(Agenda!$J$5:$J$3004,MATCH($A12,Agenda!$U$5:$U$3004,0))&"","") -> 0 | E12: =IFERROR(INDEX(PacTel,MATCH(INDEX(Agenda!$D$5:$D$3004,MATCH($A12,Agenda!$U$5:$U$3004,0)),PacCod,0))&"","") -> 0 | F12: =IFERROR(INDEX(Agenda!$C$5:$C$3004,MATCH($A12,Agenda!$U$5:$U$3004,0))&"","") -> 0 | G12: =IFERROR(INDEX(Agenda!$E$5:$E$3004,MATCH($A12,Agenda!$U$5:$U$3004,0))&"","") -> 0 | I12: 7 | J12: =IFERROR(INDEX(Agenda!$Q$5:$Q$3004,MATCH($I12,Agenda!$V$5:$V$3004,0)),"") -> 46315 | K12: =IFERROR(INDEX(Agenda!$A$5:$A$3004,MATCH($I12,Agenda!$V$5:$V$3004,0)),"") -> 46300 | L12: =IFERROR(INDEX(Agenda!$J$5:$J$3004,MATCH($I12,Agenda!$V$5:$V$3004,0))&"","") -> Paciente 015 | M12: =IFERROR(INDEX(PacTel,MATCH(INDEX(Agenda!$D$5:$D$3004,MATCH($I12,Agenda!$V$5:$V$3004,0)),PacCod,0))&"","") -> (00) 93484-4979 | N12: =IFERROR(INDEX(Agenda!$C$5:$C$3004,MATCH($I12,Agenda!$V$5:$V$3004,0))&"","") -> Profissional B | O12: =IFERROR(INDEX(Agenda!$E$5:$E$3004,MATCH($I12,Agenda!$V$5:$V$3004,0))&"","") -> Procedimento A
A13: 8 | B13: =IFERROR(INDEX(Agenda!$A$5:$A$3004,MATCH($A13,Agenda!$U$5:$U$3004,0)),"") -> 0 | C13: =IFERROR(INDEX(Agenda!$B$5:$B$3004,MATCH($A13,Agenda!$U$5:$U$3004,0)),"") -> 0 | D13: =IFERROR(INDEX(Agenda!$J$5:$J$3004,MATCH($A13,Agenda!$U$5:$U$3004,0))&"","") -> 0 | E13: =IFERROR(INDEX(PacTel,MATCH(INDEX(Agenda!$D$5:$D$3004,MATCH($A13,Agenda!$U$5:$U$3004,0)),PacCod,0))&"","") -> 0 | F13: =IFERROR(INDEX(Agenda!$C$5:$C$3004,MATCH($A13,Agenda!$U$5:$U$3004,0))&"","") -> 0 | G13: =IFERROR(INDEX(Agenda!$E$5:$E$3004,MATCH($A13,Agenda!$U$5:$U$3004,0))&"","") -> 0 | I13: 8 | J13: =IFERROR(INDEX(Agenda!$Q$5:$Q$3004,MATCH($I13,Agenda!$V$5:$V$3004,0)),"") -> 46308 | K13: =IFERROR(INDEX(Agenda!$A$5:$A$3004,MATCH($I13,Agenda!$V$5:$V$3004,0)),"") -> 46301 | L13: =IFERROR(INDEX(Agenda!$J$5:$J$3004,MATCH($I13,Agenda!$V$5:$V$3004,0))&"","") -> Paciente 025 | M13: =IFERROR(INDEX(PacTel,MATCH(INDEX(Agenda!$D$5:$D$3004,MATCH($I13,Agenda!$V$5:$V$3004,0)),PacCod,0))&"","") -> (00) 94231-6188 | N13: =IFERROR(INDEX(Agenda!$C$5:$C$3004,MATCH($I13,Agenda!$V$5:$V$3004,0))&"","") -> Profissional B | O13: =IFERROR(INDEX(Agenda!$E$5:$E$3004,MATCH($I13,Agenda!$V$5:$V$3004,0))&"","") -> Sessão
A14: 9 | B14: =IFERROR(INDEX(Agenda!$A$5:$A$3004,MATCH($A14,Agenda!$U$5:$U$3004,0)),"") -> 0 | C14: =IFERROR(INDEX(Agenda!$B$5:$B$3004,MATCH($A14,Agenda!$U$5:$U$3004,0)),"") -> 0 | D14: =IFERROR(INDEX(Agenda!$J$5:$J$3004,MATCH($A14,Agenda!$U$5:$U$3004,0))&"","") -> 0 | E14: =IFERROR(INDEX(PacTel,MATCH(INDEX(Agenda!$D$5:$D$3004,MATCH($A14,Agenda!$U$5:$U$3004,0)),PacCod,0))&"","") -> 0 | F14: =IFERROR(INDEX(Agenda!$C$5:$C$3004,MATCH($A14,Agenda!$U$5:$U$3004,0))&"","") -> 0 | G14: =IFERROR(INDEX(Agenda!$E$5:$E$3004,MATCH($A14,Agenda!$U$5:$U$3004,0))&"","") -> 0 | I14: 9 | J14: =IFERROR(INDEX(Agenda!$Q$5:$Q$3004,MATCH($I14,Agenda!$V$5:$V$3004,0)),"") -> 0 | K14: =IFERROR(INDEX(Agenda!$A$5:$A$3004,MATCH($I14,Agenda!$V$5:$V$3004,0)),"") -> 0 | L14: =IFERROR(INDEX(Agenda!$J$5:$J$3004,MATCH($I14,Agenda!$V$5:$V$3004,0))&"","") -> 0 | M14: =IFERROR(INDEX(PacTel,MATCH(INDEX(Agenda!$D$5:$D$3004,MATCH($I14,Agenda!$V$5:$V$3004,0)),PacCod,0))&"","") -> 0 | N14: =IFERROR(INDEX(Agenda!$C$5:$C$3004,MATCH($I14,Agenda!$V$5:$V$3004,0))&"","") -> 0 | O14: =IFERROR(INDEX(Agenda!$E$5:$E$3004,MATCH($I14,Agenda!$V$5:$V$3004,0))&"","") -> 0
A15: 10 | B15: =IFERROR(INDEX(Agenda!$A$5:$A$3004,MATCH($A15,Agenda!$U$5:$U$3004,0)),"") -> 0 | C15: =IFERROR(INDEX(Agenda!$B$5:$B$3004,MATCH($A15,Agenda!$U$5:$U$3004,0)),"") -> 0 | D15: =IFERROR(INDEX(Agenda!$J$5:$J$3004,MATCH($A15,Agenda!$U$5:$U$3004,0))&"","") -> 0 | E15: =IFERROR(INDEX(PacTel,MATCH(INDEX(Agenda!$D$5:$D$3004,MATCH($A15,Agenda!$U$5:$U$3004,0)),PacCod,0))&"","") -> 0 | F15: =IFERROR(INDEX(Agenda!$C$5:$C$3004,MATCH($A15,Agenda!$U$5:$U$3004,0))&"","") -> 0 | G15: =IFERROR(INDEX(Agenda!$E$5:$E$3004,MATCH($A15,Agenda!$U$5:$U$3004,0))&"","") -> 0 | I15: 10 | J15: =IFERROR(INDEX(Agenda!$Q$5:$Q$3004,MATCH($I15,Agenda!$V$5:$V$3004,0)),"") -> 0 | K15: =IFERROR(INDEX(Agenda!$A$5:$A$3004,MATCH($I15,Agenda!$V$5:$V$3004,0)),"") -> 0 | L15: =IFERROR(INDEX(Agenda!$J$5:$J$3004,MATCH($I15,Agenda!$V$5:$V$3004,0))&"","") -> 0 | M15: =IFERROR(INDEX(PacTel,MATCH(INDEX(Agenda!$D$5:$D$3004,MATCH($I15,Agenda!$V$5:$V$3004,0)),PacCod,0))&"","") -> 0 | N15: =IFERROR(INDEX(Agenda!$C$5:$C$3004,MATCH($I15,Agenda!$V$5:$V$3004,0))&"","") -> 0 | O15: =IFERROR(INDEX(Agenda!$E$5:$E$3004,MATCH($I15,Agenda!$V$5:$V$3004,0))&"","") -> 0
A16: 11 | B16: =IFERROR(INDEX(Agenda!$A$5:$A$3004,MATCH($A16,Agenda!$U$5:$U$3004,0)),"") -> 0 | C16: =IFERROR(INDEX(Agenda!$B$5:$B$3004,MATCH($A16,Agenda!$U$5:$U$3004,0)),"") -> 0 | D16: =IFERROR(INDEX(Agenda!$J$5:$J$3004,MATCH($A16,Agenda!$U$5:$U$3004,0))&"","") -> 0 | E16: =IFERROR(INDEX(PacTel,MATCH(INDEX(Agenda!$D$5:$D$3004,MATCH($A16,Agenda!$U$5:$U$3004,0)),PacCod,0))&"","") -> 0 | F16: =IFERROR(INDEX(Agenda!$C$5:$C$3004,MATCH($A16,Agenda!$U$5:$U$3004,0))&"","") -> 0 | G16: =IFERROR(INDEX(Agenda!$E$5:$E$3004,MATCH($A16,Agenda!$U$5:$U$3004,0))&"","") -> 0 | I16: 11 | J16: =IFERROR(INDEX(Agenda!$Q$5:$Q$3004,MATCH($I16,Agenda!$V$5:$V$3004,0)),"") -> 0 | K16: =IFERROR(INDEX(Agenda!$A$5:$A$3004,MATCH($I16,Agenda!$V$5:$V$3004,0)),"") -> 0 | L16: =IFERROR(INDEX(Agenda!$J$5:$J$3004,MATCH($I16,Agenda!$V$5:$V$3004,0))&"","") -> 0 | M16: =IFERROR(INDEX(PacTel,MATCH(INDEX(Agenda!$D$5:$D$3004,MATCH($I16,Agenda!$V$5:$V$3004,0)),PacCod,0))&"","") -> 0 | N16: =IFERROR(INDEX(Agenda!$C$5:$C$3004,MATCH($I16,Agenda!$V$5:$V$3004,0))&"","") -> 0 | O16: =IFERROR(INDEX(Agenda!$E$5:$E$3004,MATCH($I16,Agenda!$V$5:$V$3004,0))&"","") -> 0
A17: 12 | B17: =IFERROR(INDEX(Agenda!$A$5:$A$3004,MATCH($A17,Agenda!$U$5:$U$3004,0)),"") -> 0 | C17: =IFERROR(INDEX(Agenda!$B$5:$B$3004,MATCH($A17,Agenda!$U$5:$U$3004,0)),"") -> 0 | D17: =IFERROR(INDEX(Agenda!$J$5:$J$3004,MATCH($A17,Agenda!$U$5:$U$3004,0))&"","") -> 0 | E17: =IFERROR(INDEX(PacTel,MATCH(INDEX(Agenda!$D$5:$D$3004,MATCH($A17,Agenda!$U$5:$U$3004,0)),PacCod,0))&"","") -> 0 | F17: =IFERROR(INDEX(Agenda!$C$5:$C$3004,MATCH($A17,Agenda!$U$5:$U$3004,0))&"","") -> 0 | G17: =IFERROR(INDEX(Agenda!$E$5:$E$3004,MATCH($A17,Agenda!$U$5:$U$3004,0))&"","") -> 0 | I17: 12 | J17: =IFERROR(INDEX(Agenda!$Q$5:$Q$3004,MATCH($I17,Agenda!$V$5:$V$3004,0)),"") -> 0 | K17: =IFERROR(INDEX(Agenda!$A$5:$A$3004,MATCH($I17,Agenda!$V$5:$V$3004,0)),"") -> 0 | L17: =IFERROR(INDEX(Agenda!$J$5:$J$3004,MATCH($I17,Agenda!$V$5:$V$3004,0))&"","") -> 0 | M17: =IFERROR(INDEX(PacTel,MATCH(INDEX(Agenda!$D$5:$D$3004,MATCH($I17,Agenda!$V$5:$V$3004,0)),PacCod,0))&"","") -> 0 | N17: =IFERROR(INDEX(Agenda!$C$5:$C$3004,MATCH($I17,Agenda!$V$5:$V$3004,0))&"","") -> 0 | O17: =IFERROR(INDEX(Agenda!$E$5:$E$3004,MATCH($I17,Agenda!$V$5:$V$3004,0))&"","") -> 0
... A65: 60 | B65: =IFERROR(INDEX(Agenda!$A$5:$A$3004,MATCH($A65,Agenda!$U$5:$U$3004,0)),"") -> 0 | C65: =IFERROR(INDEX(Agenda!$B$5:$B$3004,MATCH($A65,Agenda!$U$5:$U$3004,0)),"") -> 0 | D65: =IFERROR(INDEX(Agenda!$J$5:$J$3004,MATCH($A65,Agenda!$U$5:$U$3004,0))&"","") -> 0 | E65: =IFERROR(INDEX(PacTel,MATCH(INDEX(Agenda!$D$5:$D$3004,MATCH($A65,Agenda!$U$5:$U$3004,0)),PacCod,0))&"","") -> 0 | F65: =IFERROR(INDEX(Agenda!$C$5:$C$3004,MATCH($A65,Agenda!$U$5:$U$3004,0))&"","") -> 0 | G65: =IFERROR(INDEX(Agenda!$E$5:$E$3004,MATCH($A65,Agenda!$U$5:$U$3004,0))&"","") -> 0 | I65: 60 | J65: =IFERROR(INDEX(Agenda!$Q$5:$Q$3004,MATCH($I65,Agenda!$V$5:$V$3004,0)),"") -> 0 | K65: =IFERROR(INDEX(Agenda!$A$5:$A$3004,MATCH($I65,Agenda!$V$5:$V$3004,0)),"") -> 0 | L65: =IFERROR(INDEX(Agenda!$J$5:$J$3004,MATCH($I65,Agenda!$V$5:$V$3004,0))&"","") -> 0 | M65: =IFERROR(INDEX(PacTel,MATCH(INDEX(Agenda!$D$5:$D$3004,MATCH($I65,Agenda!$V$5:$V$3004,0)),PacCod,0))&"","") -> 0 | N65: =IFERROR(INDEX(Agenda!$C$5:$C$3004,MATCH($I65,Agenda!$V$5:$V$3004,0))&"","") -> 0 | O65: =IFERROR(INDEX(Agenda!$E$5:$E$3004,MATCH($I65,Agenda!$V$5:$V$3004,0))&"","") -> 0

Sheet Relatórios
A1: Relatórios da clínica
A2: Mês de análise definido na Config (vazio = mês atual). | J2: EXEMPLO - dados fictícios
A4: AGENDADAS NO MÊS | C4: COMPARECERAM | E4: FALTARAM | G4: TAXA DE FALTA | I4: RECEITA REALIZADA
A5: =COUNTIFS(Agenda!$T$5:$T$3004,MesAn,Agenda!$F$5:$F$3004,"<>Cancelado",Agenda!$F$5:$F$3004,"<>Remarcado") -> 85 | C5: =COUNTIFS(Agenda!$T$5:$T$3004,MesAn,Agenda!$F$5:$F$3004,"Compareceu") -> 72 | E5: =COUNTIFS(Agenda!$T$5:$T$3004,MesAn,Agenda!$F$5:$F$3004,"Faltou") -> 13 | G5: =IFERROR(E5/(C5+E5),0) -> 0.15294118 | I5: =SUMIFS(Agenda!$N$5:$N$3004,Agenda!$T$5:$T$3004,MesAn) -> 11894
A7: RECEITA PERDIDA (faltas) | C7: TICKET MÉDIO | E7: A RECEBER (total) | G7: CONFIRMAÇÕES PENDENTES | I7: RETORNOS A AGENDAR
A8: =SUMIFS(Agenda!$O$5:$O$3004,Agenda!$T$5:$T$3004,MesAn) -> 2500 | C8: =IFERROR(I5/C5,0) -> 165.19444 | E8: =SUM(Agenda!$P$5:$P$3004) -> 2877 | G8: =COUNT(Agenda!$U$5:$U$3004) -> 5 | I8: =COUNT(Agenda!$V$5:$V$3004) -> 8
A10: Por profissional (mês de análise)
A11: Profissional | B11: Agendadas | C11: Compareceu | D11: Faltou | E11: Taxa de falta | F11: Receita | G11: Perdida em faltas
A12: =IF(INDEX(ProfLista,1)="","",INDEX(ProfLista,1)) -> Profissional A | B12: =IF($A12="","",COUNTIFS(Agenda!$C$5:$C$3004,$A12,Agenda!$T$5:$T$3004,MesAn,Agenda!$F$5:$F$3004,"<>Cancelado",Agenda!$F$5:$F$3004,"<>Remarcado")) -> 17 | C12: =IF($A12="","",COUNTIFS(Agenda!$C$5:$C$3004,$A12,Agenda!$T$5:$T$3004,MesAn,Agenda!$F$5:$F$3004,"Compareceu")) -> 15 | D12: =IF($A12="","",COUNTIFS(Agenda!$C$5:$C$3004,$A12,Agenda!$T$5:$T$3004,MesAn,Agenda!$F$5:$F$3004,"Faltou")) -> 2 | E12: =IF($A12="","",IFERROR(D12/(C12+D12),0)) -> 0.11764706 | F12: =IF($A12="","",SUMIFS(Agenda!$N$5:$N$3004,Agenda!$C$5:$C$3004,$A12,Agenda!$T$5:$T$3004,MesAn)) -> 2568 | G12: =IF($A12="","",SUMIFS(Agenda!$O$5:$O$3004,Agenda!$C$5:$C$3004,$A12,Agenda!$T$5:$T$3004,MesAn)) -> 490
A13: =IF(INDEX(ProfLista,2)="","",INDEX(ProfLista,2)) -> Profissional B | B13: =IF($A13="","",COUNTIFS(Agenda!$C$5:$C$3004,$A13,Agenda!$T$5:$T$3004,MesAn,Agenda!$F$5:$F$3004,"<>Cancelado",Agenda!$F$5:$F$3004,"<>Remarcado")) -> 28 | C13: =IF($A13="","",COUNTIFS(Agenda!$C$5:$C$3004,$A13,Agenda!$T$5:$T$3004,MesAn,Agenda!$F$5:$F$3004,"Compareceu")) -> 24 | D13: =IF($A13="","",COUNTIFS(Agenda!$C$5:$C$3004,$A13,Agenda!$T$5:$T$3004,MesAn,Agenda!$F$5:$F$3004,"Faltou")) -> 4 | E13: =IF($A13="","",IFERROR(D13/(C13+D13),0)) -> 0.14285714 | F13: =IF($A13="","",SUMIFS(Agenda!$N$5:$N$3004,Agenda!$C$5:$C$3004,$A13,Agenda!$T$5:$T$3004,MesAn)) -> 3632 | G13: =IF($A13="","",SUMIFS(Agenda!$O$5:$O$3004,Agenda!$C$5:$C$3004,$A13,Agenda!$T$5:$T$3004,MesAn)) -> 780
A14: =IF(INDEX(ProfLista,3)="","",INDEX(ProfLista,3)) -> Profissional C | B14: =IF($A14="","",COUNTIFS(Agenda!$C$5:$C$3004,$A14,Agenda!$T$5:$T$3004,MesAn,Agenda!$F$5:$F$3004,"<>Cancelado",Agenda!$F$5:$F$3004,"<>Remarcado")) -> 21 | C14: =IF($A14="","",COUNTIFS(Agenda!$C$5:$C$3004,$A14,Agenda!$T$5:$T$3004,MesAn,Agenda!$F$5:$F$3004,"Compareceu")) -> 18 | D14: =IF($A14="","",COUNTIFS(Agenda!$C$5:$C$3004,$A14,Agenda!$T$5:$T$3004,MesAn,Agenda!$F$5:$F$3004,"Faltou")) -> 3 | E14: =IF($A14="","",IFERROR(D14/(C14+D14),0)) -> 0.14285714 | F14: =IF($A14="","",SUMIFS(Agenda!$N$5:$N$3004,Agenda!$C$5:$C$3004,$A14,Agenda!$T$5:$T$3004,MesAn)) -> 3320 | G14: =IF($A14="","",SUMIFS(Agenda!$O$5:$O$3004,Agenda!$C$5:$C$3004,$A14,Agenda!$T$5:$T$3004,MesAn)) -> 580
A15: =IF(INDEX(ProfLista,4)="","",INDEX(ProfLista,4)) -> Profissional D | B15: =IF($A15="","",COUNTIFS(Agenda!$C$5:$C$3004,$A15,Agenda!$T$5:$T$3004,MesAn,Agenda!$F$5:$F$3004,"<>Cancelado",Agenda!$F$5:$F$3004,"<>Remarcado")) -> 19 | C15: =IF($A15="","",COUNTIFS(Agenda!$C$5:$C$3004,$A15,Agenda!$T$5:$T$3004,MesAn,Agenda!$F$5:$F$3004,"Compareceu")) -> 15 | D15: =IF($A15="","",COUNTIFS(Agenda!$C$5:$C$3004,$A15,Agenda!$T$5:$T$3004,MesAn,Agenda!$F$5:$F$3004,"Faltou")) -> 4 | E15: =IF($A15="","",IFERROR(D15/(C15+D15),0)) -> 0.21052632 | F15: =IF($A15="","",SUMIFS(Agenda!$N$5:$N$3004,Agenda!$C$5:$C$3004,$A15,Agenda!$T$5:$T$3004,MesAn)) -> 2374 | G15: =IF($A15="","",SUMIFS(Agenda!$O$5:$O$3004,Agenda!$C$5:$C$3004,$A15,Agenda!$T$5:$T$3004,MesAn)) -> 650
A16: =IF(INDEX(ProfLista,5)="","",INDEX(ProfLista,5)) -> 0 | B16: =IF($A16="","",COUNTIFS(Agenda!$C$5:$C$3004,$A16,Agenda!$T$5:$T$3004,MesAn,Agenda!$F$5:$F$3004,"<>Cancelado",Agenda!$F$5:$F$3004,"<>Remarcado")) -> 0 | C16: =IF($A16="","",COUNTIFS(Agenda!$C$5:$C$3004,$A16,Agenda!$T$5:$T$3004,MesAn,Agenda!$F$5:$F$3004,"Compareceu")) -> 0 | D16: =IF($A16="","",COUNTIFS(Agenda!$C$5:$C$3004,$A16,Agenda!$T$5:$T$3004,MesAn,Agenda!$F$5:$F$3004,"Faltou")) -> 0 | E16: =IF($A16="","",IFERROR(D16/(C16+D16),0)) -> 0 | F16: =IF($A16="","",SUMIFS(Agenda!$N$5:$N$3004,Agenda!$C$5:$C$3004,$A16,Agenda!$T$5:$T$3004,MesAn)) -> 0 | G16: =IF($A16="","",SUMIFS(Agenda!$O$5:$O$3004,Agenda!$C$5:$C$3004,$A16,Agenda!$T$5:$T$3004,MesAn)) -> 0
A17: =IF(INDEX(ProfLista,6)="","",INDEX(ProfLista,6)) -> 0 | B17: =IF($A17="","",COUNTIFS(Agenda!$C$5:$C$3004,$A17,Agenda!$T$5:$T$3004,MesAn,Agenda!$F$5:$F$3004,"<>Cancelado",Agenda!$F$5:$F$3004,"<>Remarcado")) -> 0 | C17: =IF($A17="","",COUNTIFS(Agenda!$C$5:$C$3004,$A17,Agenda!$T$5:$T$3004,MesAn,Agenda!$F$5:$F$3004,"Compareceu")) -> 0 | D17: =IF($A17="","",COUNTIFS(Agenda!$C$5:$C$3004,$A17,Agenda!$T$5:$T$3004,MesAn,Agenda!$F$5:$F$3004,"Faltou")) -> 0 | E17: =IF($A17="","",IFERROR(D17/(C17+D17),0)) -> 0 | F17: =IF($A17="","",SUMIFS(Agenda!$N$5:$N$3004,Agenda!$C$5:$C$3004,$A17,Agenda!$T$5:$T$3004,MesAn)) -> 0 | G17: =IF($A17="","",SUMIFS(Agenda!$O$5:$O$3004,Agenda!$C$5:$C$3004,$A17,Agenda!$T$5:$T$3004,MesAn)) -> 0
A18: =IF(INDEX(ProfLista,7)="","",INDEX(ProfLista,7)) -> 0 | B18: =IF($A18="","",COUNTIFS(Agenda!$C$5:$C$3004,$A18,Agenda!$T$5:$T$3004,MesAn,Agenda!$F$5:$F$3004,"<>Cancelado",Agenda!$F$5:$F$3004,"<>Remarcado")) -> 0 | C18: =IF($A18="","",COUNTIFS(Agenda!$C$5:$C$3004,$A18,Agenda!$T$5:$T$3004,MesAn,Agenda!$F$5:$F$3004,"Compareceu")) -> 0 | D18: =IF($A18="","",COUNTIFS(Agenda!$C$5:$C$3004,$A18,Agenda!$T$5:$T$3004,MesAn,Agenda!$F$5:$F$3004,"Faltou")) -> 0 | E18: =IF($A18="","",IFERROR(D18/(C18+D18),0)) -> 0 | F18: =IF($A18="","",SUMIFS(Agenda!$N$5:$N$3004,Agenda!$C$5:$C$3004,$A18,Agenda!$T$5:$T$3004,MesAn)) -> 0 | G18: =IF($A18="","",SUMIFS(Agenda!$O$5:$O$3004,Agenda!$C$5:$C$3004,$A18,Agenda!$T$5:$T$3004,MesAn)) -> 0
A19: =IF(INDEX(ProfLista,8)="","",INDEX(ProfLista,8)) -> 0 | B19: =IF($A19="","",COUNTIFS(Agenda!$C$5:$C$3004,$A19,Agenda!$T$5:$T$3004,MesAn,Agenda!$F$5:$F$3004,"<>Cancelado",Agenda!$F$5:$F$3004,"<>Remarcado")) -> 0 | C19: =IF($A19="","",COUNTIFS(Agenda!$C$5:$C$3004,$A19,Agenda!$T$5:$T$3004,MesAn,Agenda!$F$5:$F$3004,"Compareceu")) -> 0 | D19: =IF($A19="","",COUNTIFS(Agenda!$C$5:$C$3004,$A19,Agenda!$T$5:$T$3004,MesAn,Agenda!$F$5:$F$3004,"Faltou")) -> 0 | E19: =IF($A19="","",IFERROR(D19/(C19+D19),0)) -> 0 | F19: =IF($A19="","",SUMIFS(Agenda!$N$5:$N$3004,Agenda!$C$5:$C$3004,$A19,Agenda!$T$5:$T$3004,MesAn)) -> 0 | G19: =IF($A19="","",SUMIFS(Agenda!$O$5:$O$3004,Agenda!$C$5:$C$3004,$A19,Agenda!$T$5:$T$3004,MesAn)) -> 0
A20: =IF(INDEX(ProfLista,9)="","",INDEX(ProfLista,9)) -> 0 | B20: =IF($A20="","",COUNTIFS(Agenda!$C$5:$C$3004,$A20,Agenda!$T$5:$T$3004,MesAn,Agenda!$F$5:$F$3004,"<>Cancelado",Agenda!$F$5:$F$3004,"<>Remarcado")) -> 0 | C20: =IF($A20="","",COUNTIFS(Agenda!$C$5:$C$3004,$A20,Agenda!$T$5:$T$3004,MesAn,Agenda!$F$5:$F$3004,"Compareceu")) -> 0 | D20: =IF($A20="","",COUNTIFS(Agenda!$C$5:$C$3004,$A20,Agenda!$T$5:$T$3004,MesAn,Agenda!$F$5:$F$3004,"Faltou")) -> 0 | E20: =IF($A20="","",IFERROR(D20/(C20+D20),0)) -> 0 | F20: =IF($A20="","",SUMIFS(Agenda!$N$5:$N$3004,Agenda!$C$5:$C$3004,$A20,Agenda!$T$5:$T$3004,MesAn)) -> 0 | G20: =IF($A20="","",SUMIFS(Agenda!$O$5:$O$3004,Agenda!$C$5:$C$3004,$A20,Agenda!$T$5:$T$3004,MesAn)) -> 0
A21: =IF(INDEX(ProfLista,10)="","",INDEX(ProfLista,10)) -> 0 | B21: =IF($A21="","",COUNTIFS(Agenda!$C$5:$C$3004,$A21,Agenda!$T$5:$T$3004,MesAn,Agenda!$F$5:$F$3004,"<>Cancelado",Agenda!$F$5:$F$3004,"<>Remarcado")) -> 0 | C21: =IF($A21="","",COUNTIFS(Agenda!$C$5:$C$3004,$A21,Agenda!$T$5:$T$3004,MesAn,Agenda!$F$5:$F$3004,"Compareceu")) -> 0 | D21: =IF($A21="","",COUNTIFS(Agenda!$C$5:$C$3004,$A21,Agenda!$T$5:$T$3004,MesAn,Agenda!$F$5:$F$3004,"Faltou")) -> 0 | E21: =IF($A21="","",IFERROR(D21/(C21+D21),0)) -> 0 | F21: =IF($A21="","",SUMIFS(Agenda!$N$5:$N$3004,Agenda!$C$5:$C$3004,$A21,Agenda!$T$5:$T$3004,MesAn)) -> 0 | G21: =IF($A21="","",SUMIFS(Agenda!$O$5:$O$3004,Agenda!$C$5:$C$3004,$A21,Agenda!$T$5:$T$3004,MesAn)) -> 0
A23: Faltas por dia da semana | F23: Tendência mensal (ano da data de hoje)
A24: Dia | B24: Agendadas | C24: Faltou | D24: Taxa de falta | F24: Mês | G24: Compareceu | H24: Faltou | I24: Taxa de falta | J24: Receita
A25: Seg | B25: =COUNTIFS(Agenda!$L$5:$L$3004,$A25,Agenda!$T$5:$T$3004,MesAn,Agenda!$F$5:$F$3004,"<>Cancelado",Agenda!$F$5:$F$3004,"<>Remarcado") -> 17 | C25: =COUNTIFS(Agenda!$L$5:$L$3004,$A25,Agenda!$T$5:$T$3004,MesAn,Agenda!$F$5:$F$3004,"Faltou") -> 2 | D25: =IF(B25=0,0,C25/B25) -> 0.11764706 | F25: =DATE(YEAR(Hoje),1,1) -> 46023 | G25: =COUNTIFS(Agenda!$T$5:$T$3004,$F25,Agenda!$F$5:$F$3004,"Compareceu") -> 0 | H25: =COUNTIFS(Agenda!$T$5:$T$3004,$F25,Agenda!$F$5:$F$3004,"Faltou") -> 0 | I25: =IF(G25+H25=0,"",H25/(G25+H25)) -> 0 | J25: =SUMIFS(Agenda!$N$5:$N$3004,Agenda!$T$5:$T$3004,$F25) -> 0
A26: Ter | B26: =COUNTIFS(Agenda!$L$5:$L$3004,$A26,Agenda!$T$5:$T$3004,MesAn,Agenda!$F$5:$F$3004,"<>Cancelado",Agenda!$F$5:$F$3004,"<>Remarcado") -> 17 | C26: =COUNTIFS(Agenda!$L$5:$L$3004,$A26,Agenda!$T$5:$T$3004,MesAn,Agenda!$F$5:$F$3004,"Faltou") -> 0 | D26: =IF(B26=0,0,C26/B26) -> 0 | F26: =DATE(YEAR(Hoje),2,1) -> 46054 | G26: =COUNTIFS(Agenda!$T$5:$T$3004,$F26,Agenda!$F$5:$F$3004,"Compareceu") -> 0 | H26: =COUNTIFS(Agenda!$T$5:$T$3004,$F26,Agenda!$F$5:$F$3004,"Faltou") -> 0 | I26: =IF(G26+H26=0,"",H26/(G26+H26)) -> 0 | J26: =SUMIFS(Agenda!$N$5:$N$3004,Agenda!$T$5:$T$3004,$F26) -> 0
A27: Qua | B27: =COUNTIFS(Agenda!$L$5:$L$3004,$A27,Agenda!$T$5:$T$3004,MesAn,Agenda!$F$5:$F$3004,"<>Cancelado",Agenda!$F$5:$F$3004,"<>Remarcado") -> 16 | C27: =COUNTIFS(Agenda!$L$5:$L$3004,$A27,Agenda!$T$5:$T$3004,MesAn,Agenda!$F$5:$F$3004,"Faltou") -> 3 | D27: =IF(B27=0,0,C27/B27) -> 0.1875 | F27: =DATE(YEAR(Hoje),3,1) -> 46082 | G27: =COUNTIFS(Agenda!$T$5:$T$3004,$F27,Agenda!$F$5:$F$3004,"Compareceu") -> 0 | H27: =COUNTIFS(Agenda!$T$5:$T$3004,$F27,Agenda!$F$5:$F$3004,"Faltou") -> 0 | I27: =IF(G27+H27=0,"",H27/(G27+H27)) -> 0 | J27: =SUMIFS(Agenda!$N$5:$N$3004,Agenda!$T$5:$T$3004,$F27) -> 0
A28: Qui | B28: =COUNTIFS(Agenda!$L$5:$L$3004,$A28,Agenda!$T$5:$T$3004,MesAn,Agenda!$F$5:$F$3004,"<>Cancelado",Agenda!$F$5:$F$3004,"<>Remarcado") -> 11 | C28: =COUNTIFS(Agenda!$L$5:$L$3004,$A28,Agenda!$T$5:$T$3004,MesAn,Agenda!$F$5:$F$3004,"Faltou") -> 2 | D28: =IF(B28=0,0,C28/B28) -> 0.18181818 | F28: =DATE(YEAR(Hoje),4,1) -> 46113 | G28: =COUNTIFS(Agenda!$T$5:$T$3004,$F28,Agenda!$F$5:$F$3004,"Compareceu") -> 0 | H28: =COUNTIFS(Agenda!$T$5:$T$3004,$F28,Agenda!$F$5:$F$3004,"Faltou") -> 0 | I28: =IF(G28+H28=0,"",H28/(G28+H28)) -> 0 | J28: =SUMIFS(Agenda!$N$5:$N$3004,Agenda!$T$5:$T$3004,$F28) -> 0
A29: Sex | B29: =COUNTIFS(Agenda!$L$5:$L$3004,$A29,Agenda!$T$5:$T$3004,MesAn,Agenda!$F$5:$F$3004,"<>Cancelado",Agenda!$F$5:$F$3004,"<>Remarcado") -> 16 | C29: =COUNTIFS(Agenda!$L$5:$L$3004,$A29,Agenda!$T$5:$T$3004,MesAn,Agenda!$F$5:$F$3004,"Faltou") -> 5 | D29: =IF(B29=0,0,C29/B29) -> 0.3125 | F29: =DATE(YEAR(Hoje),5,1) -> 46143 | G29: =COUNTIFS(Agenda!$T$5:$T$3004,$F29,Agenda!$F$5:$F$3004,"Compareceu") -> 0 | H29: =COUNTIFS(Agenda!$T$5:$T$3004,$F29,Agenda!$F$5:$F$3004,"Faltou") -> 0 | I29: =IF(G29+H29=0,"",H29/(G29+H29)) -> 0 | J29: =SUMIFS(Agenda!$N$5:$N$3004,Agenda!$T$5:$T$3004,$F29) -> 0
A30: Sáb | B30: =COUNTIFS(Agenda!$L$5:$L$3004,$A30,Agenda!$T$5:$T$3004,MesAn,Agenda!$F$5:$F$3004,"<>Cancelado",Agenda!$F$5:$F$3004,"<>Remarcado") -> 8 | C30: =COUNTIFS(Agenda!$L$5:$L$3004,$A30,Agenda!$T$5:$T$3004,MesAn,Agenda!$F$5:$F$3004,"Faltou") -> 1 | D30: =IF(B30=0,0,C30/B30) -> 0.125 | F30: =DATE(YEAR(Hoje),6,1) -> 46174 | G30: =COUNTIFS(Agenda!$T$5:$T$3004,$F30,Agenda!$F$5:$F$3004,"Compareceu") -> 0 | H30: =COUNTIFS(Agenda!$T$5:$T$3004,$F30,Agenda!$F$5:$F$3004,"Faltou") -> 0 | I30: =IF(G30+H30=0,"",H30/(G30+H30)) -> 0 | J30: =SUMIFS(Agenda!$N$5:$N$3004,Agenda!$T$5:$T$3004,$F30) -> 0
F31: =DATE(YEAR(Hoje),7,1) -> 46204 | G31: =COUNTIFS(Agenda!$T$5:$T$3004,$F31,Agenda!$F$5:$F$3004,"Compareceu") -> 75 | H31: =COUNTIFS(Agenda!$T$5:$T$3004,$F31,Agenda!$F$5:$F$3004,"Faltou") -> 9 | I31: =IF(G31+H31=0,"",H31/(G31+H31)) -> 0.10714286 | J31: =SUMIFS(Agenda!$N$5:$N$3004,Agenda!$T$5:$T$3004,$F31) -> 9174
F32: =DATE(YEAR(Hoje),8,1) -> 46235 | G32: =COUNTIFS(Agenda!$T$5:$T$3004,$F32,Agenda!$F$5:$F$3004,"Compareceu") -> 74 | H32: =COUNTIFS(Agenda!$T$5:$T$3004,$F32,Agenda!$F$5:$F$3004,"Faltou") -> 20 | I32: =IF(G32+H32=0,"",H32/(G32+H32)) -> 0.21276596 | J32: =SUMIFS(Agenda!$N$5:$N$3004,Agenda!$T$5:$T$3004,$F32) -> 9732
F33: =DATE(YEAR(Hoje),9,1) -> 46266 | G33: =COUNTIFS(Agenda!$T$5:$T$3004,$F33,Agenda!$F$5:$F$3004,"Compareceu") -> 72 | H33: =COUNTIFS(Agenda!$T$5:$T$3004,$F33,Agenda!$F$5:$F$3004,"Faltou") -> 13 | I33: =IF(G33+H33=0,"",H33/(G33+H33)) -> 0.15294118 | J33: =SUMIFS(Agenda!$N$5:$N$3004,Agenda!$T$5:$T$3004,$F33) -> 11894
F34: =DATE(YEAR(Hoje),10,1) -> 46296 | G34: =COUNTIFS(Agenda!$T$5:$T$3004,$F34,Agenda!$F$5:$F$3004,"Compareceu") -> 21 | H34: =COUNTIFS(Agenda!$T$5:$T$3004,$F34,Agenda!$F$5:$F$3004,"Faltou") -> 2 | I34: =IF(G34+H34=0,"",H34/(G34+H34)) -> 0.086956522 | J34: =SUMIFS(Agenda!$N$5:$N$3004,Agenda!$T$5:$T$3004,$F34) -> 2796
F35: =DATE(YEAR(Hoje),11,1) -> 46327 | G35: =COUNTIFS(Agenda!$T$5:$T$3004,$F35,Agenda!$F$5:$F$3004,"Compareceu") -> 0 | H35: =COUNTIFS(Agenda!$T$5:$T$3004,$F35,Agenda!$F$5:$F$3004,"Faltou") -> 0 | I35: =IF(G35+H35=0,"",H35/(G35+H35)) -> 0 | J35: =SUMIFS(Agenda!$N$5:$N$3004,Agenda!$T$5:$T$3004,$F35) -> 0
F36: =DATE(YEAR(Hoje),12,1) -> 46357 | G36: =COUNTIFS(Agenda!$T$5:$T$3004,$F36,Agenda!$F$5:$F$3004,"Compareceu") -> 0 | H36: =COUNTIFS(Agenda!$T$5:$T$3004,$F36,Agenda!$F$5:$F$3004,"Faltou") -> 0 | I36: =IF(G36+H36=0,"",H36/(G36+H36)) -> 0 | J36: =SUMIFS(Agenda!$N$5:$N$3004,Agenda!$T$5:$T$3004,$F36) -> 0
