Workbook
Name DiasSC: Config!$C$6
Name EtapaProb: Config!$C$10:$C$15
Name Etapas: Config!$B$10:$B$15
Name Hoje: Config!$C$5
Name Motivos: Config!$J$5:$J$14
Name Origens: Config!$E$5:$E$14
Name Vendedores: Config!$G$5:$G$14

Sheet Início
A1: CRM e Funil de Vendas
A2: Carvex XLS · Nenhum lead esquecido, nenhuma venda perdida por falta de follow-up
B4: O que esta planilha faz
B5: Cadastre seus leads, acompanhe cada um pelas etapas do funil e marque o próximo contato. A planilha mostra a agenda de follow-up do dia, o valor previsto de vendas, a conversão por origem, o ranking dos vendedores e o cumprimento da meta do mês.
B7: Como começar (5 minutos)
B8: 1. Config | C8: Ajuste as etapas e suas probabilidades, as origens dos leads, os vendedores e a meta mensal de cada um.
B9: 2. Cadastre os leads | C9: Na aba Leads, uma linha por lead: data de entrada, nome, contato, origem, vendedor, etapa e valor potencial.
B10: 3. Marque o próximo contato | C10: Preencha 'Último contato' e 'Próximo follow-up'. A coluna Follow-up avisa ATRASADO, HOJE ou Em dia.
B11: 4. Abra a Agenda todo dia | C11: A aba Agenda lista só quem precisa de contato hoje ou está atrasado.
B12: 5. Feche com data e motivo | C12: Ao mudar a etapa para Ganho ou Perdido, preencha a data de fechamento (e o motivo, se perdeu).
B14: Mapa das abas (clique para ir)
B15: Config | C15: Etapas do funil, origens, vendedores, metas e motivos de perda.
B16: Leads | C16: Cadastro e acompanhamento (até 1.000 leads).
B17: Agenda | C17: Follow-ups de hoje e atrasados.
B18: Funil | C18: Leads por etapa, conversão por origem e motivos de perda.
B19: Vendedores | C19: Ranking, conversão e meta de cada vendedor.
B20: Dashboard | C20: Indicadores e gráficos.
B22: Legenda de cores
B23: Amarelo | C23: Célula que VOCÊ preenche.
B24: Cinza | C24: Cálculo automático. Não digite aqui.
B25: Verde escuro | C25: Cabeçalho de coluna.
B27: Atenção
B28: • Não renomeie as etapas 'Ganho' e 'Perdido': a planilha as usa nos cálculos. As demais etapas podem ser renomeadas.
B29: • A probabilidade de cada etapa é uma estimativa sua; ajuste conforme seu histórico de fechamento.
B30: • A data de fechamento é obrigatória para Ganho/Perdido; sem ela a venda não entra nos relatórios do mês.
B32: Carvex XLS · CRM e Funil de Vendas com Follow-up · versão 1.0 · Dúvidas: consulte o TUTORIAL.md e o MANUAL.md que acompanham o produto.

Sheet Config
A1: Configurações
A2: Preencha as células amarelas.
B4: Empresa | E4: Origens dos leads | G4: Vendedores | H4: Meta mensal (R$) | J4: Motivos de perda
B5: Data de hoje (referência) | C5: =TODAY() -> 46303 | E5: Indicação | J5: Preço
B6: Dias sem contato para alertar | C6: 7 | E6: Instagram | J6: Fechou com concorrente
E7: Google | J7: Sem resposta
E8: WhatsApp | J8: Sem orçamento
B9: Etapa do funil | C9: Probabilidade | E9: Site | J9: Prazo
B10: Novo | C10: 0.1 | E10: Evento | J10: Outro
B11: Contato feito | C11: 0.25 | E11: Outros
B12: Proposta enviada | C12: 0.5
B13: Negociação | C13: 0.75
B14: Ganho | C14: 1
B15: Perdido | C15: 0

Sheet Leads
A1: Leads
A2: Uma linha por lead. Atualize etapa, último contato e próximo follow-up sempre que falar com o cliente.
A4: Nº | B4: Data de entrada | C4: Lead (nome / empresa) | D4: Contato | E4: Origem | F4: Vendedor | G4: Etapa | H4: Valor potencial (R$) | I4: Último contato | J4: Próximo follow-up | K4: Data de fechamento | L4: Motivo da perda | M4: Observações | N4: Prob. | O4: Valor ponderado | P4: Situação | Q4: Dias sem contato | R4: FOLLOW-UP | S4: Seq. agenda | T4: Conferência
A5: =IF($C5="","",ROW()-4) | N5: =IF($C5="","",IFERROR(INDEX(EtapaProb,MATCH($G5,Etapas,0)),0)) | O5: =IF($C5="","",IF($P5="Aberto",N($H5)*$N5,0)) | P5: =IF($C5="","",IF($G5="Ganho","Ganho",IF($G5="Perdido","Perdido","Aberto"))) | Q5: =IF(OR($C5="",$P5<>"Aberto"),"",IF($I5="",Hoje-$B5,Hoje-$I5)) | R5: =IF(OR($C5="",$P5<>"Aberto"),"",IF($J5="",IF($Q5>DiasSC,"ATRASADO","Definir data"),IF($J5<Hoje,"ATRASADO",IF($J5=Hoje,"HOJE","Em dia")))) | S5: =IF($R5="","",IF(OR($R5="ATRASADO",$R5="HOJE",$R5="Definir data"),COUNTIF($R$5:$R5,"ATRASADO")+COUNTIF($R$5:$R5,"HOJE")+COUNTIF($R$5:$R5,"Definir data"),"")) | T5: =IF($C5="","",IF(OR($B5="",$E5="",$F5="",$G5=""),"Preencher entrada/origem/vendedor/etapa",IF(AND(OR($P5="Ganho",$P5="Perdido"),$K5=""),"Falta data de fechamento",IF(AND($P5="Perdido",$L5=""),"Informe o motivo da perda","OK"))))
A6: =IF($C6="","",ROW()-4) | N6: =IF($C6="","",IFERROR(INDEX(EtapaProb,MATCH($G6,Etapas,0)),0)) | O6: =IF($C6="","",IF($P6="Aberto",N($H6)*$N6,0)) | P6: =IF($C6="","",IF($G6="Ganho","Ganho",IF($G6="Perdido","Perdido","Aberto"))) | Q6: =IF(OR($C6="",$P6<>"Aberto"),"",IF($I6="",Hoje-$B6,Hoje-$I6)) | R6: =IF(OR($C6="",$P6<>"Aberto"),"",IF($J6="",IF($Q6>DiasSC,"ATRASADO","Definir data"),IF($J6<Hoje,"ATRASADO",IF($J6=Hoje,"HOJE","Em dia")))) | S6: =IF($R6="","",IF(OR($R6="ATRASADO",$R6="HOJE",$R6="Definir data"),COUNTIF($R$5:$R6,"ATRASADO")+COUNTIF($R$5:$R6,"HOJE")+COUNTIF($R$5:$R6,"Definir data"),"")) | T6: =IF($C6="","",IF(OR($B6="",$E6="",$F6="",$G6=""),"Preencher entrada/origem/vendedor/etapa",IF(AND(OR($P6="Ganho",$P6="Perdido"),$K6=""),"Falta data de fechamento",IF(AND($P6="Perdido",$L6=""),"Informe o motivo da perda","OK"))))
A7: =IF($C7="","",ROW()-4) | N7: =IF($C7="","",IFERROR(INDEX(EtapaProb,MATCH($G7,Etapas,0)),0)) | O7: =IF($C7="","",IF($P7="Aberto",N($H7)*$N7,0)) | P7: =IF($C7="","",IF($G7="Ganho","Ganho",IF($G7="Perdido","Perdido","Aberto"))) | Q7: =IF(OR($C7="",$P7<>"Aberto"),"",IF($I7="",Hoje-$B7,Hoje-$I7)) | R7: =IF(OR($C7="",$P7<>"Aberto"),"",IF($J7="",IF($Q7>DiasSC,"ATRASADO","Definir data"),IF($J7<Hoje,"ATRASADO",IF($J7=Hoje,"HOJE","Em dia")))) | S7: =IF($R7="","",IF(OR($R7="ATRASADO",$R7="HOJE",$R7="Definir data"),COUNTIF($R$5:$R7,"ATRASADO")+COUNTIF($R$5:$R7,"HOJE")+COUNTIF($R$5:$R7,"Definir data"),"")) | T7: =IF($C7="","",IF(OR($B7="",$E7="",$F7="",$G7=""),"Preencher entrada/origem/vendedor/etapa",IF(AND(OR($P7="Ganho",$P7="Perdido"),$K7=""),"Falta data de fechamento",IF(AND($P7="Perdido",$L7=""),"Informe o motivo da perda","OK"))))
A8: =IF($C8="","",ROW()-4) | N8: =IF($C8="","",IFERROR(INDEX(EtapaProb,MATCH($G8,Etapas,0)),0)) | O8: =IF($C8="","",IF($P8="Aberto",N($H8)*$N8,0)) | P8: =IF($C8="","",IF($G8="Ganho","Ganho",IF($G8="Perdido","Perdido","Aberto"))) | Q8: =IF(OR($C8="",$P8<>"Aberto"),"",IF($I8="",Hoje-$B8,Hoje-$I8)) | R8: =IF(OR($C8="",$P8<>"Aberto"),"",IF($J8="",IF($Q8>DiasSC,"ATRASADO","Definir data"),IF($J8<Hoje,"ATRASADO",IF($J8=Hoje,"HOJE","Em dia")))) | S8: =IF($R8="","",IF(OR($R8="ATRASADO",$R8="HOJE",$R8="Definir data"),COUNTIF($R$5:$R8,"ATRASADO")+COUNTIF($R$5:$R8,"HOJE")+COUNTIF($R$5:$R8,"Definir data"),"")) | T8: =IF($C8="","",IF(OR($B8="",$E8="",$F8="",$G8=""),"Preencher entrada/origem/vendedor/etapa",IF(AND(OR($P8="Ganho",$P8="Perdido"),$K8=""),"Falta data de fechamento",IF(AND($P8="Perdido",$L8=""),"Informe o motivo da perda","OK"))))
A9: =IF($C9="","",ROW()-4) | N9: =IF($C9="","",IFERROR(INDEX(EtapaProb,MATCH($G9,Etapas,0)),0)) | O9: =IF($C9="","",IF($P9="Aberto",N($H9)*$N9,0)) | P9: =IF($C9="","",IF($G9="Ganho","Ganho",IF($G9="Perdido","Perdido","Aberto"))) | Q9: =IF(OR($C9="",$P9<>"Aberto"),"",IF($I9="",Hoje-$B9,Hoje-$I9)) | R9: =IF(OR($C9="",$P9<>"Aberto"),"",IF($J9="",IF($Q9>DiasSC,"ATRASADO","Definir data"),IF($J9<Hoje,"ATRASADO",IF($J9=Hoje,"HOJE","Em dia")))) | S9: =IF($R9="","",IF(OR($R9="ATRASADO",$R9="HOJE",$R9="Definir data"),COUNTIF($R$5:$R9,"ATRASADO")+COUNTIF($R$5:$R9,"HOJE")+COUNTIF($R$5:$R9,"Definir data"),"")) | T9: =IF($C9="","",IF(OR($B9="",$E9="",$F9="",$G9=""),"Preencher entrada/origem/vendedor/etapa",IF(AND(OR($P9="Ganho",$P9="Perdido"),$K9=""),"Falta data de fechamento",IF(AND($P9="Perdido",$L9=""),"Informe o motivo da perda","OK"))))
A10: =IF($C10="","",ROW()-4) | N10: =IF($C10="","",IFERROR(INDEX(EtapaProb,MATCH($G10,Etapas,0)),0)) | O10: =IF($C10="","",IF($P10="Aberto",N($H10)*$N10,0)) | P10: =IF($C10="","",IF($G10="Ganho","Ganho",IF($G10="Perdido","Perdido","Aberto"))) | Q10: =IF(OR($C10="",$P10<>"Aberto"),"",IF($I10="",Hoje-$B10,Hoje-$I10)) | R10: =IF(OR($C10="",$P10<>"Aberto"),"",IF($J10="",IF($Q10>DiasSC,"ATRASADO","Definir data"),IF($J10<Hoje,"ATRASADO",IF($J10=Hoje,"HOJE","Em dia")))) | S10: =IF($R10="","",IF(OR($R10="ATRASADO",$R10="HOJE",$R10="Definir data"),COUNTIF($R$5:$R10,"ATRASADO")+COUNTIF($R$5:$R10,"HOJE")+COUNTIF($R$5:$R10,"Definir data"),"")) | T10: =IF($C10="","",IF(OR($B10="",$E10="",$F10="",$G10=""),"Preencher entrada/origem/vendedor/etapa",IF(AND(OR($P10="Ganho",$P10="Perdido"),$K10=""),"Falta data de fechamento",IF(AND($P10="Perdido",$L10=""),"Informe o motivo da perda","OK"))))
A11: =IF($C11="","",ROW()-4) | N11: =IF($C11="","",IFERROR(INDEX(EtapaProb,MATCH($G11,Etapas,0)),0)) | O11: =IF($C11="","",IF($P11="Aberto",N($H11)*$N11,0)) | P11: =IF($C11="","",IF($G11="Ganho","Ganho",IF($G11="Perdido","Perdido","Aberto"))) | Q11: =IF(OR($C11="",$P11<>"Aberto"),"",IF($I11="",Hoje-$B11,Hoje-$I11)) | R11: =IF(OR($C11="",$P11<>"Aberto"),"",IF($J11="",IF($Q11>DiasSC,"ATRASADO","Definir data"),IF($J11<Hoje,"ATRASADO",IF($J11=Hoje,"HOJE","Em dia")))) | S11: =IF($R11="","",IF(OR($R11="ATRASADO",$R11="HOJE",$R11="Definir data"),COUNTIF($R$5:$R11,"ATRASADO")+COUNTIF($R$5:$R11,"HOJE")+COUNTIF($R$5:$R11,"Definir data"),"")) | T11: =IF($C11="","",IF(OR($B11="",$E11="",$F11="",$G11=""),"Preencher entrada/origem/vendedor/etapa",IF(AND(OR($P11="Ganho",$P11="Perdido"),$K11=""),"Falta data de fechamento",IF(AND($P11="Perdido",$L11=""),"Informe o motivo da perda","OK"))))
A12: =IF($C12="","",ROW()-4) | N12: =IF($C12="","",IFERROR(INDEX(EtapaProb,MATCH($G12,Etapas,0)),0)) | O12: =IF($C12="","",IF($P12="Aberto",N($H12)*$N12,0)) | P12: =IF($C12="","",IF($G12="Ganho","Ganho",IF($G12="Perdido","Perdido","Aberto"))) | Q12: =IF(OR($C12="",$P12<>"Aberto"),"",IF($I12="",Hoje-$B12,Hoje-$I12)) | R12: =IF(OR($C12="",$P12<>"Aberto"),"",IF($J12="",IF($Q12>DiasSC,"ATRASADO","Definir data"),IF($J12<Hoje,"ATRASADO",IF($J12=Hoje,"HOJE","Em dia")))) | S12: =IF($R12="","",IF(OR($R12="ATRASADO",$R12="HOJE",$R12="Definir data"),COUNTIF($R$5:$R12,"ATRASADO")+COUNTIF($R$5:$R12,"HOJE")+COUNTIF($R$5:$R12,"Definir data"),"")) | T12: =IF($C12="","",IF(OR($B12="",$E12="",$F12="",$G12=""),"Preencher entrada/origem/vendedor/etapa",IF(AND(OR($P12="Ganho",$P12="Perdido"),$K12=""),"Falta data de fechamento",IF(AND($P12="Perdido",$L12=""),"Informe o motivo da perda","OK"))))
A13: =IF($C13="","",ROW()-4) | N13: =IF($C13="","",IFERROR(INDEX(EtapaProb,MATCH($G13,Etapas,0)),0)) | O13: =IF($C13="","",IF($P13="Aberto",N($H13)*$N13,0)) | P13: =IF($C13="","",IF($G13="Ganho","Ganho",IF($G13="Perdido","Perdido","Aberto"))) | Q13: =IF(OR($C13="",$P13<>"Aberto"),"",IF($I13="",Hoje-$B13,Hoje-$I13)) | R13: =IF(OR($C13="",$P13<>"Aberto"),"",IF($J13="",IF($Q13>DiasSC,"ATRASADO","Definir data"),IF($J13<Hoje,"ATRASADO",IF($J13=Hoje,"HOJE","Em dia")))) | S13: =IF($R13="","",IF(OR($R13="ATRASADO",$R13="HOJE",$R13="Definir data"),COUNTIF($R$5:$R13,"ATRASADO")+COUNTIF($R$5:$R13,"HOJE")+COUNTIF($R$5:$R13,"Definir data"),"")) | T13: =IF($C13="","",IF(OR($B13="",$E13="",$F13="",$G13=""),"Preencher entrada/origem/vendedor/etapa",IF(AND(OR($P13="Ganho",$P13="Perdido"),$K13=""),"Falta data de fechamento",IF(AND($P13="Perdido",$L13=""),"Informe o motivo da perda","OK"))))
A14: =IF($C14="","",ROW()-4) | N14: =IF($C14="","",IFERROR(INDEX(EtapaProb,MATCH($G14,Etapas,0)),0)) | O14: =IF($C14="","",IF($P14="Aberto",N($H14)*$N14,0)) | P14: =IF($C14="","",IF($G14="Ganho","Ganho",IF($G14="Perdido","Perdido","Aberto"))) | Q14: =IF(OR($C14="",$P14<>"Aberto"),"",IF($I14="",Hoje-$B14,Hoje-$I14)) | R14: =IF(OR($C14="",$P14<>"Aberto"),"",IF($J14="",IF($Q14>DiasSC,"ATRASADO","Definir data"),IF($J14<Hoje,"ATRASADO",IF($J14=Hoje,"HOJE","Em dia")))) | S14: =IF($R14="","",IF(OR($R14="ATRASADO",$R14="HOJE",$R14="Definir data"),COUNTIF($R$5:$R14,"ATRASADO")+COUNTIF($R$5:$R14,"HOJE")+COUNTIF($R$5:$R14,"Definir data"),"")) | T14: =IF($C14="","",IF(OR($B14="",$E14="",$F14="",$G14=""),"Preencher entrada/origem/vendedor/etapa",IF(AND(OR($P14="Ganho",$P14="Perdido"),$K14=""),"Falta data de fechamento",IF(AND($P14="Perdido",$L14=""),"Informe o motivo da perda","OK"))))
A15: =IF($C15="","",ROW()-4) | N15: =IF($C15="","",IFERROR(INDEX(EtapaProb,MATCH($G15,Etapas,0)),0)) | O15: =IF($C15="","",IF($P15="Aberto",N($H15)*$N15,0)) | P15: =IF($C15="","",IF($G15="Ganho","Ganho",IF($G15="Perdido","Perdido","Aberto"))) | Q15: =IF(OR($C15="",$P15<>"Aberto"),"",IF($I15="",Hoje-$B15,Hoje-$I15)) | R15: =IF(OR($C15="",$P15<>"Aberto"),"",IF($J15="",IF($Q15>DiasSC,"ATRASADO","Definir data"),IF($J15<Hoje,"ATRASADO",IF($J15=Hoje,"HOJE","Em dia")))) | S15: =IF($R15="","",IF(OR($R15="ATRASADO",$R15="HOJE",$R15="Definir data"),COUNTIF($R$5:$R15,"ATRASADO")+COUNTIF($R$5:$R15,"HOJE")+COUNTIF($R$5:$R15,"Definir data"),"")) | T15: =IF($C15="","",IF(OR($B15="",$E15="",$F15="",$G15=""),"Preencher entrada/origem/vendedor/etapa",IF(AND(OR($P15="Ganho",$P15="Perdido"),$K15=""),"Falta data de fechamento",IF(AND($P15="Perdido",$L15=""),"Informe o motivo da perda","OK"))))
A16: =IF($C16="","",ROW()-4) | N16: =IF($C16="","",IFERROR(INDEX(EtapaProb,MATCH($G16,Etapas,0)),0)) | O16: =IF($C16="","",IF($P16="Aberto",N($H16)*$N16,0)) | P16: =IF($C16="","",IF($G16="Ganho","Ganho",IF($G16="Perdido","Perdido","Aberto"))) | Q16: =IF(OR($C16="",$P16<>"Aberto"),"",IF($I16="",Hoje-$B16,Hoje-$I16)) | R16: =IF(OR($C16="",$P16<>"Aberto"),"",IF($J16="",IF($Q16>DiasSC,"ATRASADO","Definir data"),IF($J16<Hoje,"ATRASADO",IF($J16=Hoje,"HOJE","Em dia")))) | S16: =IF($R16="","",IF(OR($R16="ATRASADO",$R16="HOJE",$R16="Definir data"),COUNTIF($R$5:$R16,"ATRASADO")+COUNTIF($R$5:$R16,"HOJE")+COUNTIF($R$5:$R16,"Definir data"),"")) | T16: =IF($C16="","",IF(OR($B16="",$E16="",$F16="",$G16=""),"Preencher entrada/origem/vendedor/etapa",IF(AND(OR($P16="Ganho",$P16="Perdido"),$K16=""),"Falta data de fechamento",IF(AND($P16="Perdido",$L16=""),"Informe o motivo da perda","OK"))))
... A1004: =IF($C1004="","",ROW()-4) | N1004: =IF($C1004="","",IFERROR(INDEX(EtapaProb,MATCH($G1004,Etapas,0)),0)) | O1004: =IF($C1004="","",IF($P1004="Aberto",N($H1004)*$N1004,0)) | P1004: =IF($C1004="","",IF($G1004="Ganho","Ganho",IF($G1004="Perdido","Perdido","Aberto"))) | Q1004: =IF(OR($C1004="",$P1004<>"Aberto"),"",IF($I1004="",Hoje-$B1004,Hoje-$I1004)) | R1004: =IF(OR($C1004="",$P1004<>"Aberto"),"",IF($J1004="",IF($Q1004>DiasSC,"ATRASADO","Definir data"),IF($J1004<Hoje,"ATRASADO",IF($J1004=Hoje,"HOJE","Em dia")))) | S1004: =IF($R1004="","",IF(OR($R1004="ATRASADO",$R1004="HOJE",$R1004="Definir data"),COUNTIF($R$5:$R1004,"ATRASADO")+COUNTIF($R$5:$R1004,"HOJE")+COUNTIF($R$5:$R1004,"Definir data"),"")) | T1004: =IF($C1004="","",IF(OR($B1004="",$E1004="",$F1004="",$G1004=""),"Preencher entrada/origem/vendedor/etapa",IF(AND(OR($P1004="Ganho",$P1004="Perdido"),$K1004=""),"Falta data de fechamento",IF(AND($P1004="Perdido",$L1004=""),"Informe o motivo da perda","OK"))))

Sheet Agenda
A1: Agenda de follow-up
A2: Quem precisa de contato HOJE ou está ATRASADO. Atualize a data na aba Leads depois de falar com o cliente.
A4: # | B4: Prioridade | C4: Lead | D4: Contato | E4: Etapa | F4: Vendedor | G4: Valor potencial | H4: Último contato | I4: Próx. follow-up | J4: Dias sem contato
A5: 1 | B5: =IFERROR(INDEX(Leads!$R$5:$R$1004,MATCH($A5,Leads!$S$5:$S$1004,0))&"","") | C5: =IFERROR(INDEX(Leads!$C$5:$C$1004,MATCH($A5,Leads!$S$5:$S$1004,0))&"","") | D5: =IFERROR(INDEX(Leads!$D$5:$D$1004,MATCH($A5,Leads!$S$5:$S$1004,0))&"","") | E5: =IFERROR(INDEX(Leads!$G$5:$G$1004,MATCH($A5,Leads!$S$5:$S$1004,0))&"","") | F5: =IFERROR(INDEX(Leads!$F$5:$F$1004,MATCH($A5,Leads!$S$5:$S$1004,0))&"","") | G5: =IFERROR(IF(INDEX(Leads!$H$5:$H$1004,MATCH($A5,Leads!$S$5:$S$1004,0))="","",INDEX(Leads!$H$5:$H$1004,MATCH($A5,Leads!$S$5:$S$1004,0))),"") | H5: =IFERROR(IF(INDEX(Leads!$I$5:$I$1004,MATCH($A5,Leads!$S$5:$S$1004,0))="","",INDEX(Leads!$I$5:$I$1004,MATCH($A5,Leads!$S$5:$S$1004,0))),"") | I5: =IFERROR(IF(INDEX(Leads!$J$5:$J$1004,MATCH($A5,Leads!$S$5:$S$1004,0))="","",INDEX(Leads!$J$5:$J$1004,MATCH($A5,Leads!$S$5:$S$1004,0))),"") | J5: =IFERROR(IF(INDEX(Leads!$Q$5:$Q$1004,MATCH($A5,Leads!$S$5:$S$1004,0))="","",INDEX(Leads!$Q$5:$Q$1004,MATCH($A5,Leads!$S$5:$S$1004,0))),"")
A6: 2 | B6: =IFERROR(INDEX(Leads!$R$5:$R$1004,MATCH($A6,Leads!$S$5:$S$1004,0))&"","") | C6: =IFERROR(INDEX(Leads!$C$5:$C$1004,MATCH($A6,Leads!$S$5:$S$1004,0))&"","") | D6: =IFERROR(INDEX(Leads!$D$5:$D$1004,MATCH($A6,Leads!$S$5:$S$1004,0))&"","") | E6: =IFERROR(INDEX(Leads!$G$5:$G$1004,MATCH($A6,Leads!$S$5:$S$1004,0))&"","") | F6: =IFERROR(INDEX(Leads!$F$5:$F$1004,MATCH($A6,Leads!$S$5:$S$1004,0))&"","") | G6: =IFERROR(IF(INDEX(Leads!$H$5:$H$1004,MATCH($A6,Leads!$S$5:$S$1004,0))="","",INDEX(Leads!$H$5:$H$1004,MATCH($A6,Leads!$S$5:$S$1004,0))),"") | H6: =IFERROR(IF(INDEX(Leads!$I$5:$I$1004,MATCH($A6,Leads!$S$5:$S$1004,0))="","",INDEX(Leads!$I$5:$I$1004,MATCH($A6,Leads!$S$5:$S$1004,0))),"") | I6: =IFERROR(IF(INDEX(Leads!$J$5:$J$1004,MATCH($A6,Leads!$S$5:$S$1004,0))="","",INDEX(Leads!$J$5:$J$1004,MATCH($A6,Leads!$S$5:$S$1004,0))),"") | J6: =IFERROR(IF(INDEX(Leads!$Q$5:$Q$1004,MATCH($A6,Leads!$S$5:$S$1004,0))="","",INDEX(Leads!$Q$5:$Q$1004,MATCH($A6,Leads!$S$5:$S$1004,0))),"")
A7: 3 | B7: =IFERROR(INDEX(Leads!$R$5:$R$1004,MATCH($A7,Leads!$S$5:$S$1004,0))&"","") | C7: =IFERROR(INDEX(Leads!$C$5:$C$1004,MATCH($A7,Leads!$S$5:$S$1004,0))&"","") | D7: =IFERROR(INDEX(Leads!$D$5:$D$1004,MATCH($A7,Leads!$S$5:$S$1004,0))&"","") | E7: =IFERROR(INDEX(Leads!$G$5:$G$1004,MATCH($A7,Leads!$S$5:$S$1004,0))&"","") | F7: =IFERROR(INDEX(Leads!$F$5:$F$1004,MATCH($A7,Leads!$S$5:$S$1004,0))&"","") | G7: =IFERROR(IF(INDEX(Leads!$H$5:$H$1004,MATCH($A7,Leads!$S$5:$S$1004,0))="","",INDEX(Leads!$H$5:$H$1004,MATCH($A7,Leads!$S$5:$S$1004,0))),"") | H7: =IFERROR(IF(INDEX(Leads!$I$5:$I$1004,MATCH($A7,Leads!$S$5:$S$1004,0))="","",INDEX(Leads!$I$5:$I$1004,MATCH($A7,Leads!$S$5:$S$1004,0))),"") | I7: =IFERROR(IF(INDEX(Leads!$J$5:$J$1004,MATCH($A7,Leads!$S$5:$S$1004,0))="","",INDEX(Leads!$J$5:$J$1004,MATCH($A7,Leads!$S$5:$S$1004,0))),"") | J7: =IFERROR(IF(INDEX(Leads!$Q$5:$Q$1004,MATCH($A7,Leads!$S$5:$S$1004,0))="","",INDEX(Leads!$Q$5:$Q$1004,MATCH($A7,Leads!$S$5:$S$1004,0))),"")
A8: 4 | B8: =IFERROR(INDEX(Leads!$R$5:$R$1004,MATCH($A8,Leads!$S$5:$S$1004,0))&"","") | C8: =IFERROR(INDEX(Leads!$C$5:$C$1004,MATCH($A8,Leads!$S$5:$S$1004,0))&"","") | D8: =IFERROR(INDEX(Leads!$D$5:$D$1004,MATCH($A8,Leads!$S$5:$S$1004,0))&"","") | E8: =IFERROR(INDEX(Leads!$G$5:$G$1004,MATCH($A8,Leads!$S$5:$S$1004,0))&"","") | F8: =IFERROR(INDEX(Leads!$F$5:$F$1004,MATCH($A8,Leads!$S$5:$S$1004,0))&"","") | G8: =IFERROR(IF(INDEX(Leads!$H$5:$H$1004,MATCH($A8,Leads!$S$5:$S$1004,0))="","",INDEX(Leads!$H$5:$H$1004,MATCH($A8,Leads!$S$5:$S$1004,0))),"") | H8: =IFERROR(IF(INDEX(Leads!$I$5:$I$1004,MATCH($A8,Leads!$S$5:$S$1004,0))="","",INDEX(Leads!$I$5:$I$1004,MATCH($A8,Leads!$S$5:$S$1004,0))),"") | I8: =IFERROR(IF(INDEX(Leads!$J$5:$J$1004,MATCH($A8,Leads!$S$5:$S$1004,0))="","",INDEX(Leads!$J$5:$J$1004,MATCH($A8,Leads!$S$5:$S$1004,0))),"") | J8: =IFERROR(IF(INDEX(Leads!$Q$5:$Q$1004,MATCH($A8,Leads!$S$5:$S$1004,0))="","",INDEX(Leads!$Q$5:$Q$1004,MATCH($A8,Leads!$S$5:$S$1004,0))),"")
A9: 5 | B9: =IFERROR(INDEX(Leads!$R$5:$R$1004,MATCH($A9,Leads!$S$5:$S$1004,0))&"","") | C9: =IFERROR(INDEX(Leads!$C$5:$C$1004,MATCH($A9,Leads!$S$5:$S$1004,0))&"","") | D9: =IFERROR(INDEX(Leads!$D$5:$D$1004,MATCH($A9,Leads!$S$5:$S$1004,0))&"","") | E9: =IFERROR(INDEX(Leads!$G$5:$G$1004,MATCH($A9,Leads!$S$5:$S$1004,0))&"","") | F9: =IFERROR(INDEX(Leads!$F$5:$F$1004,MATCH($A9,Leads!$S$5:$S$1004,0))&"","") | G9: =IFERROR(IF(INDEX(Leads!$H$5:$H$1004,MATCH($A9,Leads!$S$5:$S$1004,0))="","",INDEX(Leads!$H$5:$H$1004,MATCH($A9,Leads!$S$5:$S$1004,0))),"") | H9: =IFERROR(IF(INDEX(Leads!$I$5:$I$1004,MATCH($A9,Leads!$S$5:$S$1004,0))="","",INDEX(Leads!$I$5:$I$1004,MATCH($A9,Leads!$S$5:$S$1004,0))),"") | I9: =IFERROR(IF(INDEX(Leads!$J$5:$J$1004,MATCH($A9,Leads!$S$5:$S$1004,0))="","",INDEX(Leads!$J$5:$J$1004,MATCH($A9,Leads!$S$5:$S$1004,0))),"") | J9: =IFERROR(IF(INDEX(Leads!$Q$5:$Q$1004,MATCH($A9,Leads!$S$5:$S$1004,0))="","",INDEX(Leads!$Q$5:$Q$1004,MATCH($A9,Leads!$S$5:$S$1004,0))),"")
A10: 6 | B10: =IFERROR(INDEX(Leads!$R$5:$R$1004,MATCH($A10,Leads!$S$5:$S$1004,0))&"","") | C10: =IFERROR(INDEX(Leads!$C$5:$C$1004,MATCH($A10,Leads!$S$5:$S$1004,0))&"","") | D10: =IFERROR(INDEX(Leads!$D$5:$D$1004,MATCH($A10,Leads!$S$5:$S$1004,0))&"","") | E10: =IFERROR(INDEX(Leads!$G$5:$G$1004,MATCH($A10,Leads!$S$5:$S$1004,0))&"","") | F10: =IFERROR(INDEX(Leads!$F$5:$F$1004,MATCH($A10,Leads!$S$5:$S$1004,0))&"","") | G10: =IFERROR(IF(INDEX(Leads!$H$5:$H$1004,MATCH($A10,Leads!$S$5:$S$1004,0))="","",INDEX(Leads!$H$5:$H$1004,MATCH($A10,Leads!$S$5:$S$1004,0))),"") | H10: =IFERROR(IF(INDEX(Leads!$I$5:$I$1004,MATCH($A10,Leads!$S$5:$S$1004,0))="","",INDEX(Leads!$I$5:$I$1004,MATCH($A10,Leads!$S$5:$S$1004,0))),"") | I10: =IFERROR(IF(INDEX(Leads!$J$5:$J$1004,MATCH($A10,Leads!$S$5:$S$1004,0))="","",INDEX(Leads!$J$5:$J$1004,MATCH($A10,Leads!$S$5:$S$1004,0))),"") | J10: =IFERROR(IF(INDEX(Leads!$Q$5:$Q$1004,MATCH($A10,Leads!$S$5:$S$1004,0))="","",INDEX(Leads!$Q$5:$Q$1004,MATCH($A10,Leads!$S$5:$S$1004,0))),"")
A11: 7 | B11: =IFERROR(INDEX(Leads!$R$5:$R$1004,MATCH($A11,Leads!$S$5:$S$1004,0))&"","") | C11: =IFERROR(INDEX(Leads!$C$5:$C$1004,MATCH($A11,Leads!$S$5:$S$1004,0))&"","") | D11: =IFERROR(INDEX(Leads!$D$5:$D$1004,MATCH($A11,Leads!$S$5:$S$1004,0))&"","") | E11: =IFERROR(INDEX(Leads!$G$5:$G$1004,MATCH($A11,Leads!$S$5:$S$1004,0))&"","") | F11: =IFERROR(INDEX(Leads!$F$5:$F$1004,MATCH($A11,Leads!$S$5:$S$1004,0))&"","") | G11: =IFERROR(IF(INDEX(Leads!$H$5:$H$1004,MATCH($A11,Leads!$S$5:$S$1004,0))="","",INDEX(Leads!$H$5:$H$1004,MATCH($A11,Leads!$S$5:$S$1004,0))),"") | H11: =IFERROR(IF(INDEX(Leads!$I$5:$I$1004,MATCH($A11,Leads!$S$5:$S$1004,0))="","",INDEX(Leads!$I$5:$I$1004,MATCH($A11,Leads!$S$5:$S$1004,0))),"") | I11: =IFERROR(IF(INDEX(Leads!$J$5:$J$1004,MATCH($A11,Leads!$S$5:$S$1004,0))="","",INDEX(Leads!$J$5:$J$1004,MATCH($A11,Leads!$S$5:$S$1004,0))),"") | J11: =IFERROR(IF(INDEX(Leads!$Q$5:$Q$1004,MATCH($A11,Leads!$S$5:$S$1004,0))="","",INDEX(Leads!$Q$5:$Q$1004,MATCH($A11,Leads!$S$5:$S$1004,0))),"")
A12: 8 | B12: =IFERROR(INDEX(Leads!$R$5:$R$1004,MATCH($A12,Leads!$S$5:$S$1004,0))&"","") | C12: =IFERROR(INDEX(Leads!$C$5:$C$1004,MATCH($A12,Leads!$S$5:$S$1004,0))&"","") | D12: =IFERROR(INDEX(Leads!$D$5:$D$1004,MATCH($A12,Leads!$S$5:$S$1004,0))&"","") | E12: =IFERROR(INDEX(Leads!$G$5:$G$1004,MATCH($A12,Leads!$S$5:$S$1004,0))&"","") | F12: =IFERROR(INDEX(Leads!$F$5:$F$1004,MATCH($A12,Leads!$S$5:$S$1004,0))&"","") | G12: =IFERROR(IF(INDEX(Leads!$H$5:$H$1004,MATCH($A12,Leads!$S$5:$S$1004,0))="","",INDEX(Leads!$H$5:$H$1004,MATCH($A12,Leads!$S$5:$S$1004,0))),"") | H12: =IFERROR(IF(INDEX(Leads!$I$5:$I$1004,MATCH($A12,Leads!$S$5:$S$1004,0))="","",INDEX(Leads!$I$5:$I$1004,MATCH($A12,Leads!$S$5:$S$1004,0))),"") | I12: =IFERROR(IF(INDEX(Leads!$J$5:$J$1004,MATCH($A12,Leads!$S$5:$S$1004,0))="","",INDEX(Leads!$J$5:$J$1004,MATCH($A12,Leads!$S$5:$S$1004,0))),"") | J12: =IFERROR(IF(INDEX(Leads!$Q$5:$Q$1004,MATCH($A12,Leads!$S$5:$S$1004,0))="","",INDEX(Leads!$Q$5:$Q$1004,MATCH($A12,Leads!$S$5:$S$1004,0))),"")
A13: 9 | B13: =IFERROR(INDEX(Leads!$R$5:$R$1004,MATCH($A13,Leads!$S$5:$S$1004,0))&"","") | C13: =IFERROR(INDEX(Leads!$C$5:$C$1004,MATCH($A13,Leads!$S$5:$S$1004,0))&"","") | D13: =IFERROR(INDEX(Leads!$D$5:$D$1004,MATCH($A13,Leads!$S$5:$S$1004,0))&"","") | E13: =IFERROR(INDEX(Leads!$G$5:$G$1004,MATCH($A13,Leads!$S$5:$S$1004,0))&"","") | F13: =IFERROR(INDEX(Leads!$F$5:$F$1004,MATCH($A13,Leads!$S$5:$S$1004,0))&"","") | G13: =IFERROR(IF(INDEX(Leads!$H$5:$H$1004,MATCH($A13,Leads!$S$5:$S$1004,0))="","",INDEX(Leads!$H$5:$H$1004,MATCH($A13,Leads!$S$5:$S$1004,0))),"") | H13: =IFERROR(IF(INDEX(Leads!$I$5:$I$1004,MATCH($A13,Leads!$S$5:$S$1004,0))="","",INDEX(Leads!$I$5:$I$1004,MATCH($A13,Leads!$S$5:$S$1004,0))),"") | I13: =IFERROR(IF(INDEX(Leads!$J$5:$J$1004,MATCH($A13,Leads!$S$5:$S$1004,0))="","",INDEX(Leads!$J$5:$J$1004,MATCH($A13,Leads!$S$5:$S$1004,0))),"") | J13: =IFERROR(IF(INDEX(Leads!$Q$5:$Q$1004,MATCH($A13,Leads!$S$5:$S$1004,0))="","",INDEX(Leads!$Q$5:$Q$1004,MATCH($A13,Leads!$S$5:$S$1004,0))),"")
A14: 10 | B14: =IFERROR(INDEX(Leads!$R$5:$R$1004,MATCH($A14,Leads!$S$5:$S$1004,0))&"","") | C14: =IFERROR(INDEX(Leads!$C$5:$C$1004,MATCH($A14,Leads!$S$5:$S$1004,0))&"","") | D14: =IFERROR(INDEX(Leads!$D$5:$D$1004,MATCH($A14,Leads!$S$5:$S$1004,0))&"","") | E14: =IFERROR(INDEX(Leads!$G$5:$G$1004,MATCH($A14,Leads!$S$5:$S$1004,0))&"","") | F14: =IFERROR(INDEX(Leads!$F$5:$F$1004,MATCH($A14,Leads!$S$5:$S$1004,0))&"","") | G14: =IFERROR(IF(INDEX(Leads!$H$5:$H$1004,MATCH($A14,Leads!$S$5:$S$1004,0))="","",INDEX(Leads!$H$5:$H$1004,MATCH($A14,Leads!$S$5:$S$1004,0))),"") | H14: =IFERROR(IF(INDEX(Leads!$I$5:$I$1004,MATCH($A14,Leads!$S$5:$S$1004,0))="","",INDEX(Leads!$I$5:$I$1004,MATCH($A14,Leads!$S$5:$S$1004,0))),"") | I14: =IFERROR(IF(INDEX(Leads!$J$5:$J$1004,MATCH($A14,Leads!$S$5:$S$1004,0))="","",INDEX(Leads!$J$5:$J$1004,MATCH($A14,Leads!$S$5:$S$1004,0))),"") | J14: =IFERROR(IF(INDEX(Leads!$Q$5:$Q$1004,MATCH($A14,Leads!$S$5:$S$1004,0))="","",INDEX(Leads!$Q$5:$Q$1004,MATCH($A14,Leads!$S$5:$S$1004,0))),"")
A15: 11 | B15: =IFERROR(INDEX(Leads!$R$5:$R$1004,MATCH($A15,Leads!$S$5:$S$1004,0))&"","") | C15: =IFERROR(INDEX(Leads!$C$5:$C$1004,MATCH($A15,Leads!$S$5:$S$1004,0))&"","") | D15: =IFERROR(INDEX(Leads!$D$5:$D$1004,MATCH($A15,Leads!$S$5:$S$1004,0))&"","") | E15: =IFERROR(INDEX(Leads!$G$5:$G$1004,MATCH($A15,Leads!$S$5:$S$1004,0))&"","") | F15: =IFERROR(INDEX(Leads!$F$5:$F$1004,MATCH($A15,Leads!$S$5:$S$1004,0))&"","") | G15: =IFERROR(IF(INDEX(Leads!$H$5:$H$1004,MATCH($A15,Leads!$S$5:$S$1004,0))="","",INDEX(Leads!$H$5:$H$1004,MATCH($A15,Leads!$S$5:$S$1004,0))),"") | H15: =IFERROR(IF(INDEX(Leads!$I$5:$I$1004,MATCH($A15,Leads!$S$5:$S$1004,0))="","",INDEX(Leads!$I$5:$I$1004,MATCH($A15,Leads!$S$5:$S$1004,0))),"") | I15: =IFERROR(IF(INDEX(Leads!$J$5:$J$1004,MATCH($A15,Leads!$S$5:$S$1004,0))="","",INDEX(Leads!$J$5:$J$1004,MATCH($A15,Leads!$S$5:$S$1004,0))),"") | J15: =IFERROR(IF(INDEX(Leads!$Q$5:$Q$1004,MATCH($A15,Leads!$S$5:$S$1004,0))="","",INDEX(Leads!$Q$5:$Q$1004,MATCH($A15,Leads!$S$5:$S$1004,0))),"")
A16: 12 | B16: =IFERROR(INDEX(Leads!$R$5:$R$1004,MATCH($A16,Leads!$S$5:$S$1004,0))&"","") | C16: =IFERROR(INDEX(Leads!$C$5:$C$1004,MATCH($A16,Leads!$S$5:$S$1004,0))&"","") | D16: =IFERROR(INDEX(Leads!$D$5:$D$1004,MATCH($A16,Leads!$S$5:$S$1004,0))&"","") | E16: =IFERROR(INDEX(Leads!$G$5:$G$1004,MATCH($A16,Leads!$S$5:$S$1004,0))&"","") | F16: =IFERROR(INDEX(Leads!$F$5:$F$1004,MATCH($A16,Leads!$S$5:$S$1004,0))&"","") | G16: =IFERROR(IF(INDEX(Leads!$H$5:$H$1004,MATCH($A16,Leads!$S$5:$S$1004,0))="","",INDEX(Leads!$H$5:$H$1004,MATCH($A16,Leads!$S$5:$S$1004,0))),"") | H16: =IFERROR(IF(INDEX(Leads!$I$5:$I$1004,MATCH($A16,Leads!$S$5:$S$1004,0))="","",INDEX(Leads!$I$5:$I$1004,MATCH($A16,Leads!$S$5:$S$1004,0))),"") | I16: =IFERROR(IF(INDEX(Leads!$J$5:$J$1004,MATCH($A16,Leads!$S$5:$S$1004,0))="","",INDEX(Leads!$J$5:$J$1004,MATCH($A16,Leads!$S$5:$S$1004,0))),"") | J16: =IFERROR(IF(INDEX(Leads!$Q$5:$Q$1004,MATCH($A16,Leads!$S$5:$S$1004,0))="","",INDEX(Leads!$Q$5:$Q$1004,MATCH($A16,Leads!$S$5:$S$1004,0))),"")
... A104: 100 | B104: =IFERROR(INDEX(Leads!$R$5:$R$1004,MATCH($A104,Leads!$S$5:$S$1004,0))&"","") | C104: =IFERROR(INDEX(Leads!$C$5:$C$1004,MATCH($A104,Leads!$S$5:$S$1004,0))&"","") | D104: =IFERROR(INDEX(Leads!$D$5:$D$1004,MATCH($A104,Leads!$S$5:$S$1004,0))&"","") | E104: =IFERROR(INDEX(Leads!$G$5:$G$1004,MATCH($A104,Leads!$S$5:$S$1004,0))&"","") | F104: =IFERROR(INDEX(Leads!$F$5:$F$1004,MATCH($A104,Leads!$S$5:$S$1004,0))&"","") | G104: =IFERROR(IF(INDEX(Leads!$H$5:$H$1004,MATCH($A104,Leads!$S$5:$S$1004,0))="","",INDEX(Leads!$H$5:$H$1004,MATCH($A104,Leads!$S$5:$S$1004,0))),"") | H104: =IFERROR(IF(INDEX(Leads!$I$5:$I$1004,MATCH($A104,Leads!$S$5:$S$1004,0))="","",INDEX(Leads!$I$5:$I$1004,MATCH($A104,Leads!$S$5:$S$1004,0))),"") | I104: =IFERROR(IF(INDEX(Leads!$J$5:$J$1004,MATCH($A104,Leads!$S$5:$S$1004,0))="","",INDEX(Leads!$J$5:$J$1004,MATCH($A104,Leads!$S$5:$S$1004,0))),"") | J104: =IFERROR(IF(INDEX(Leads!$Q$5:$Q$1004,MATCH($A104,Leads!$S$5:$S$1004,0))="","",INDEX(Leads!$Q$5:$Q$1004,MATCH($A104,Leads!$S$5:$S$1004,0))),"")

Sheet Funil
A1: Funil de vendas
A2: Onde estão os leads, de onde vêm os que fecham e por que perdemos.
B4: Etapa | C4: Leads | D4: Valor (R$) | E4: Valor ponderado | F4: % dos leads
B5: =INDEX(Etapas,1) -> Novo | C5: =COUNTIF(Leads!$G$5:$G$1004,B5) -> 0 | D5: =SUMIFS(Leads!$H$5:$H$1004,Leads!$G$5:$G$1004,B5) -> 0 | E5: =SUMIFS(Leads!$O$5:$O$1004,Leads!$G$5:$G$1004,B5) -> 0 | F5: =IFERROR(C5/SUM($C$5:$C$10),0) -> 0
B6: =INDEX(Etapas,2) -> Contato feito | C6: =COUNTIF(Leads!$G$5:$G$1004,B6) -> 0 | D6: =SUMIFS(Leads!$H$5:$H$1004,Leads!$G$5:$G$1004,B6) -> 0 | E6: =SUMIFS(Leads!$O$5:$O$1004,Leads!$G$5:$G$1004,B6) -> 0 | F6: =IFERROR(C6/SUM($C$5:$C$10),0) -> 0
B7: =INDEX(Etapas,3) -> Proposta enviada | C7: =COUNTIF(Leads!$G$5:$G$1004,B7) -> 0 | D7: =SUMIFS(Leads!$H$5:$H$1004,Leads!$G$5:$G$1004,B7) -> 0 | E7: =SUMIFS(Leads!$O$5:$O$1004,Leads!$G$5:$G$1004,B7) -> 0 | F7: =IFERROR(C7/SUM($C$5:$C$10),0) -> 0
B8: =INDEX(Etapas,4) -> Negociação | C8: =COUNTIF(Leads!$G$5:$G$1004,B8) -> 0 | D8: =SUMIFS(Leads!$H$5:$H$1004,Leads!$G$5:$G$1004,B8) -> 0 | E8: =SUMIFS(Leads!$O$5:$O$1004,Leads!$G$5:$G$1004,B8) -> 0 | F8: =IFERROR(C8/SUM($C$5:$C$10),0) -> 0
B9: =INDEX(Etapas,5) -> Ganho | C9: =COUNTIF(Leads!$G$5:$G$1004,B9) -> 0 | D9: =SUMIFS(Leads!$H$5:$H$1004,Leads!$G$5:$G$1004,B9) -> 0 | E9: =SUMIFS(Leads!$O$5:$O$1004,Leads!$G$5:$G$1004,B9) -> 0 | F9: =IFERROR(C9/SUM($C$5:$C$10),0) -> 0
B10: =INDEX(Etapas,6) -> Perdido | C10: =COUNTIF(Leads!$G$5:$G$1004,B10) -> 0 | D10: =SUMIFS(Leads!$H$5:$H$1004,Leads!$G$5:$G$1004,B10) -> 0 | E10: =SUMIFS(Leads!$O$5:$O$1004,Leads!$G$5:$G$1004,B10) -> 0 | F10: =IFERROR(C10/SUM($C$5:$C$10),0) -> 0
B11: Total | C11: =SUM(C5:C10) -> 0 | D11: =SUM(D5:D10) -> 0 | E11: =SUM(E5:E10) -> 0
B13: Conversão por origem (de onde vêm os clientes que fecham)
B14: Origem | C14: Leads | D14: Ganhos | E14: Perdidos | F14: Conversão | G14: Valor ganho (R$)
B15: =IF(INDEX(Origens,1)="","",INDEX(Origens,1)) -> Indicação | C15: =IF(B15="","",COUNTIF(Leads!$E$5:$E$1004,B15)) -> 0 | D15: =IF(B15="","",COUNTIFS(Leads!$E$5:$E$1004,B15,Leads!$P$5:$P$1004,"Ganho")) -> 0 | E15: =IF(B15="","",COUNTIFS(Leads!$E$5:$E$1004,B15,Leads!$P$5:$P$1004,"Perdido")) -> 0 | F15: =IF(B15="","",IFERROR(D15/C15,0)) -> 0 | G15: =IF(B15="","",SUMIFS(Leads!$H$5:$H$1004,Leads!$E$5:$E$1004,B15,Leads!$P$5:$P$1004,"Ganho")) -> 0
B16: =IF(INDEX(Origens,2)="","",INDEX(Origens,2)) -> Instagram | C16: =IF(B16="","",COUNTIF(Leads!$E$5:$E$1004,B16)) -> 0 | D16: =IF(B16="","",COUNTIFS(Leads!$E$5:$E$1004,B16,Leads!$P$5:$P$1004,"Ganho")) -> 0 | E16: =IF(B16="","",COUNTIFS(Leads!$E$5:$E$1004,B16,Leads!$P$5:$P$1004,"Perdido")) -> 0 | F16: =IF(B16="","",IFERROR(D16/C16,0)) -> 0 | G16: =IF(B16="","",SUMIFS(Leads!$H$5:$H$1004,Leads!$E$5:$E$1004,B16,Leads!$P$5:$P$1004,"Ganho")) -> 0
B17: =IF(INDEX(Origens,3)="","",INDEX(Origens,3)) -> Google | C17: =IF(B17="","",COUNTIF(Leads!$E$5:$E$1004,B17)) -> 0 | D17: =IF(B17="","",COUNTIFS(Leads!$E$5:$E$1004,B17,Leads!$P$5:$P$1004,"Ganho")) -> 0 | E17: =IF(B17="","",COUNTIFS(Leads!$E$5:$E$1004,B17,Leads!$P$5:$P$1004,"Perdido")) -> 0 | F17: =IF(B17="","",IFERROR(D17/C17,0)) -> 0 | G17: =IF(B17="","",SUMIFS(Leads!$H$5:$H$1004,Leads!$E$5:$E$1004,B17,Leads!$P$5:$P$1004,"Ganho")) -> 0
B18: =IF(INDEX(Origens,4)="","",INDEX(Origens,4)) -> WhatsApp | C18: =IF(B18="","",COUNTIF(Leads!$E$5:$E$1004,B18)) -> 0 | D18: =IF(B18="","",COUNTIFS(Leads!$E$5:$E$1004,B18,Leads!$P$5:$P$1004,"Ganho")) -> 0 | E18: =IF(B18="","",COUNTIFS(Leads!$E$5:$E$1004,B18,Leads!$P$5:$P$1004,"Perdido")) -> 0 | F18: =IF(B18="","",IFERROR(D18/C18,0)) -> 0 | G18: =IF(B18="","",SUMIFS(Leads!$H$5:$H$1004,Leads!$E$5:$E$1004,B18,Leads!$P$5:$P$1004,"Ganho")) -> 0
B19: =IF(INDEX(Origens,5)="","",INDEX(Origens,5)) -> Site | C19: =IF(B19="","",COUNTIF(Leads!$E$5:$E$1004,B19)) -> 0 | D19: =IF(B19="","",COUNTIFS(Leads!$E$5:$E$1004,B19,Leads!$P$5:$P$1004,"Ganho")) -> 0 | E19: =IF(B19="","",COUNTIFS(Leads!$E$5:$E$1004,B19,Leads!$P$5:$P$1004,"Perdido")) -> 0 | F19: =IF(B19="","",IFERROR(D19/C19,0)) -> 0 | G19: =IF(B19="","",SUMIFS(Leads!$H$5:$H$1004,Leads!$E$5:$E$1004,B19,Leads!$P$5:$P$1004,"Ganho")) -> 0
B20: =IF(INDEX(Origens,6)="","",INDEX(Origens,6)) -> Evento | C20: =IF(B20="","",COUNTIF(Leads!$E$5:$E$1004,B20)) -> 0 | D20: =IF(B20="","",COUNTIFS(Leads!$E$5:$E$1004,B20,Leads!$P$5:$P$1004,"Ganho")) -> 0 | E20: =IF(B20="","",COUNTIFS(Leads!$E$5:$E$1004,B20,Leads!$P$5:$P$1004,"Perdido")) -> 0 | F20: =IF(B20="","",IFERROR(D20/C20,0)) -> 0 | G20: =IF(B20="","",SUMIFS(Leads!$H$5:$H$1004,Leads!$E$5:$E$1004,B20,Leads!$P$5:$P$1004,"Ganho")) -> 0
B21: =IF(INDEX(Origens,7)="","",INDEX(Origens,7)) -> Outros | C21: =IF(B21="","",COUNTIF(Leads!$E$5:$E$1004,B21)) -> 0 | D21: =IF(B21="","",COUNTIFS(Leads!$E$5:$E$1004,B21,Leads!$P$5:$P$1004,"Ganho")) -> 0 | E21: =IF(B21="","",COUNTIFS(Leads!$E$5:$E$1004,B21,Leads!$P$5:$P$1004,"Perdido")) -> 0 | F21: =IF(B21="","",IFERROR(D21/C21,0)) -> 0 | G21: =IF(B21="","",SUMIFS(Leads!$H$5:$H$1004,Leads!$E$5:$E$1004,B21,Leads!$P$5:$P$1004,"Ganho")) -> 0
B22: =IF(INDEX(Origens,8)="","",INDEX(Origens,8)) | C22: =IF(B22="","",COUNTIF(Leads!$E$5:$E$1004,B22)) | D22: =IF(B22="","",COUNTIFS(Leads!$E$5:$E$1004,B22,Leads!$P$5:$P$1004,"Ganho")) | E22: =IF(B22="","",COUNTIFS(Leads!$E$5:$E$1004,B22,Leads!$P$5:$P$1004,"Perdido")) | F22: =IF(B22="","",IFERROR(D22/C22,0)) | G22: =IF(B22="","",SUMIFS(Leads!$H$5:$H$1004,Leads!$E$5:$E$1004,B22,Leads!$P$5:$P$1004,"Ganho"))
B23: =IF(INDEX(Origens,9)="","",INDEX(Origens,9)) | C23: =IF(B23="","",COUNTIF(Leads!$E$5:$E$1004,B23)) | D23: =IF(B23="","",COUNTIFS(Leads!$E$5:$E$1004,B23,Leads!$P$5:$P$1004,"Ganho")) | E23: =IF(B23="","",COUNTIFS(Leads!$E$5:$E$1004,B23,Leads!$P$5:$P$1004,"Perdido")) | F23: =IF(B23="","",IFERROR(D23/C23,0)) | G23: =IF(B23="","",SUMIFS(Leads!$H$5:$H$1004,Leads!$E$5:$E$1004,B23,Leads!$P$5:$P$1004,"Ganho"))
B24: =IF(INDEX(Origens,10)="","",INDEX(Origens,10)) | C24: =IF(B24="","",COUNTIF(Leads!$E$5:$E$1004,B24)) | D24: =IF(B24="","",COUNTIFS(Leads!$E$5:$E$1004,B24,Leads!$P$5:$P$1004,"Ganho")) | E24: =IF(B24="","",COUNTIFS(Leads!$E$5:$E$1004,B24,Leads!$P$5:$P$1004,"Perdido")) | F24: =IF(B24="","",IFERROR(D24/C24,0)) | G24: =IF(B24="","",SUMIFS(Leads!$H$5:$H$1004,Leads!$E$5:$E$1004,B24,Leads!$P$5:$P$1004,"Ganho"))
B26: Motivos de perda
B27: Motivo | C27: Leads perdidos | D27: % das perdas
B28: =IF(INDEX(Motivos,1)="","",INDEX(Motivos,1)) -> Preço | C28: =IF(B28="","",COUNTIFS(Leads!$L$5:$L$1004,B28,Leads!$P$5:$P$1004,"Perdido")) -> 0 | D28: =IF(B28="","",IFERROR(C28/COUNTIF(Leads!$P$5:$P$1004,"Perdido"),0)) -> 0
B29: =IF(INDEX(Motivos,2)="","",INDEX(Motivos,2)) -> Fechou com concorrente | C29: =IF(B29="","",COUNTIFS(Leads!$L$5:$L$1004,B29,Leads!$P$5:$P$1004,"Perdido")) -> 0 | D29: =IF(B29="","",IFERROR(C29/COUNTIF(Leads!$P$5:$P$1004,"Perdido"),0)) -> 0
B30: =IF(INDEX(Motivos,3)="","",INDEX(Motivos,3)) -> Sem resposta | C30: =IF(B30="","",COUNTIFS(Leads!$L$5:$L$1004,B30,Leads!$P$5:$P$1004,"Perdido")) -> 0 | D30: =IF(B30="","",IFERROR(C30/COUNTIF(Leads!$P$5:$P$1004,"Perdido"),0)) -> 0
B31: =IF(INDEX(Motivos,4)="","",INDEX(Motivos,4)) -> Sem orçamento | C31: =IF(B31="","",COUNTIFS(Leads!$L$5:$L$1004,B31,Leads!$P$5:$P$1004,"Perdido")) -> 0 | D31: =IF(B31="","",IFERROR(C31/COUNTIF(Leads!$P$5:$P$1004,"Perdido"),0)) -> 0
B32: =IF(INDEX(Motivos,5)="","",INDEX(Motivos,5)) -> Prazo | C32: =IF(B32="","",COUNTIFS(Leads!$L$5:$L$1004,B32,Leads!$P$5:$P$1004,"Perdido")) -> 0 | D32: =IF(B32="","",IFERROR(C32/COUNTIF(Leads!$P$5:$P$1004,"Perdido"),0)) -> 0
B33: =IF(INDEX(Motivos,6)="","",INDEX(Motivos,6)) -> Outro | C33: =IF(B33="","",COUNTIFS(Leads!$L$5:$L$1004,B33,Leads!$P$5:$P$1004,"Perdido")) -> 0 | D33: =IF(B33="","",IFERROR(C33/COUNTIF(Leads!$P$5:$P$1004,"Perdido"),0)) -> 0
B34: =IF(INDEX(Motivos,7)="","",INDEX(Motivos,7)) | C34: =IF(B34="","",COUNTIFS(Leads!$L$5:$L$1004,B34,Leads!$P$5:$P$1004,"Perdido")) | D34: =IF(B34="","",IFERROR(C34/COUNTIF(Leads!$P$5:$P$1004,"Perdido"),0))
B35: =IF(INDEX(Motivos,8)="","",INDEX(Motivos,8)) | C35: =IF(B35="","",COUNTIFS(Leads!$L$5:$L$1004,B35,Leads!$P$5:$P$1004,"Perdido")) | D35: =IF(B35="","",IFERROR(C35/COUNTIF(Leads!$P$5:$P$1004,"Perdido"),0))
B36: =IF(INDEX(Motivos,9)="","",INDEX(Motivos,9)) | C36: =IF(B36="","",COUNTIFS(Leads!$L$5:$L$1004,B36,Leads!$P$5:$P$1004,"Perdido")) | D36: =IF(B36="","",IFERROR(C36/COUNTIF(Leads!$P$5:$P$1004,"Perdido"),0))
B37: =IF(INDEX(Motivos,10)="","",INDEX(Motivos,10)) | C37: =IF(B37="","",COUNTIFS(Leads!$L$5:$L$1004,B37,Leads!$P$5:$P$1004,"Perdido")) | D37: =IF(B37="","",IFERROR(C37/COUNTIF(Leads!$P$5:$P$1004,"Perdido"),0))

Sheet Vendedores
A1: Vendedores: ranking e metas
A2: Mês de referência = mês da data de hoje (Config).
A4: Vendedor | B4: Leads | C4: Em aberto | D4: Ganhos | E4: Perdidos | F4: Conversão | G4: Vendido no mês (R$) | H4: Meta do mês (R$) | I4: % da meta | J4: Previsão ponderada (R$) | K4: Follow-ups atrasados | L4: Ranking
A5: =IF(INDEX(Vendedores,1)="","",INDEX(Vendedores,1)) | B5: =IF($A5="","",COUNTIF(Leads!$F$5:$F$1004,$A5)) | C5: =IF($A5="","",COUNTIFS(Leads!$F$5:$F$1004,$A5,Leads!$P$5:$P$1004,"Aberto")) | D5: =IF($A5="","",COUNTIFS(Leads!$F$5:$F$1004,$A5,Leads!$P$5:$P$1004,"Ganho")) | E5: =IF($A5="","",COUNTIFS(Leads!$F$5:$F$1004,$A5,Leads!$P$5:$P$1004,"Perdido")) | F5: =IF($A5="","",IFERROR(D5/(D5+E5),0)) | G5: =IF($A5="","",SUMIFS(Leads!$H$5:$H$1004,Leads!$F$5:$F$1004,$A5,Leads!$P$5:$P$1004,"Ganho",Leads!$K$5:$K$1004,">="&DATE(YEAR(Hoje),MONTH(Hoje),1),Leads!$K$5:$K$1004,"<="&DATE(YEAR(Hoje),MONTH(Hoje)+1,0))) | H5: =IF($A5="","",N(INDEX(Config!$H$5:$H$14,1))) | I5: =IF($A5="","",IF(H5>0,G5/H5,0)) | J5: =IF($A5="","",SUMIFS(Leads!$O$5:$O$1004,Leads!$F$5:$F$1004,$A5)) | K5: =IF($A5="","",COUNTIFS(Leads!$F$5:$F$1004,$A5,Leads!$R$5:$R$1004,"ATRASADO")) | L5: =IF($A5="","",RANK(G5,$G$5:$G$14))
A6: =IF(INDEX(Vendedores,2)="","",INDEX(Vendedores,2)) | B6: =IF($A6="","",COUNTIF(Leads!$F$5:$F$1004,$A6)) | C6: =IF($A6="","",COUNTIFS(Leads!$F$5:$F$1004,$A6,Leads!$P$5:$P$1004,"Aberto")) | D6: =IF($A6="","",COUNTIFS(Leads!$F$5:$F$1004,$A6,Leads!$P$5:$P$1004,"Ganho")) | E6: =IF($A6="","",COUNTIFS(Leads!$F$5:$F$1004,$A6,Leads!$P$5:$P$1004,"Perdido")) | F6: =IF($A6="","",IFERROR(D6/(D6+E6),0)) | G6: =IF($A6="","",SUMIFS(Leads!$H$5:$H$1004,Leads!$F$5:$F$1004,$A6,Leads!$P$5:$P$1004,"Ganho",Leads!$K$5:$K$1004,">="&DATE(YEAR(Hoje),MONTH(Hoje),1),Leads!$K$5:$K$1004,"<="&DATE(YEAR(Hoje),MONTH(Hoje)+1,0))) | H6: =IF($A6="","",N(INDEX(Config!$H$5:$H$14,2))) | I6: =IF($A6="","",IF(H6>0,G6/H6,0)) | J6: =IF($A6="","",SUMIFS(Leads!$O$5:$O$1004,Leads!$F$5:$F$1004,$A6)) | K6: =IF($A6="","",COUNTIFS(Leads!$F$5:$F$1004,$A6,Leads!$R$5:$R$1004,"ATRASADO")) | L6: =IF($A6="","",RANK(G6,$G$5:$G$14))
A7: =IF(INDEX(Vendedores,3)="","",INDEX(Vendedores,3)) | B7: =IF($A7="","",COUNTIF(Leads!$F$5:$F$1004,$A7)) | C7: =IF($A7="","",COUNTIFS(Leads!$F$5:$F$1004,$A7,Leads!$P$5:$P$1004,"Aberto")) | D7: =IF($A7="","",COUNTIFS(Leads!$F$5:$F$1004,$A7,Leads!$P$5:$P$1004,"Ganho")) | E7: =IF($A7="","",COUNTIFS(Leads!$F$5:$F$1004,$A7,Leads!$P$5:$P$1004,"Perdido")) | F7: =IF($A7="","",IFERROR(D7/(D7+E7),0)) | G7: =IF($A7="","",SUMIFS(Leads!$H$5:$H$1004,Leads!$F$5:$F$1004,$A7,Leads!$P$5:$P$1004,"Ganho",Leads!$K$5:$K$1004,">="&DATE(YEAR(Hoje),MONTH(Hoje),1),Leads!$K$5:$K$1004,"<="&DATE(YEAR(Hoje),MONTH(Hoje)+1,0))) | H7: =IF($A7="","",N(INDEX(Config!$H$5:$H$14,3))) | I7: =IF($A7="","",IF(H7>0,G7/H7,0)) | J7: =IF($A7="","",SUMIFS(Leads!$O$5:$O$1004,Leads!$F$5:$F$1004,$A7)) | K7: =IF($A7="","",COUNTIFS(Leads!$F$5:$F$1004,$A7,Leads!$R$5:$R$1004,"ATRASADO")) | L7: =IF($A7="","",RANK(G7,$G$5:$G$14))
A8: =IF(INDEX(Vendedores,4)="","",INDEX(Vendedores,4)) | B8: =IF($A8="","",COUNTIF(Leads!$F$5:$F$1004,$A8)) | C8: =IF($A8="","",COUNTIFS(Leads!$F$5:$F$1004,$A8,Leads!$P$5:$P$1004,"Aberto")) | D8: =IF($A8="","",COUNTIFS(Leads!$F$5:$F$1004,$A8,Leads!$P$5:$P$1004,"Ganho")) | E8: =IF($A8="","",COUNTIFS(Leads!$F$5:$F$1004,$A8,Leads!$P$5:$P$1004,"Perdido")) | F8: =IF($A8="","",IFERROR(D8/(D8+E8),0)) | G8: =IF($A8="","",SUMIFS(Leads!$H$5:$H$1004,Leads!$F$5:$F$1004,$A8,Leads!$P$5:$P$1004,"Ganho",Leads!$K$5:$K$1004,">="&DATE(YEAR(Hoje),MONTH(Hoje),1),Leads!$K$5:$K$1004,"<="&DATE(YEAR(Hoje),MONTH(Hoje)+1,0))) | H8: =IF($A8="","",N(INDEX(Config!$H$5:$H$14,4))) | I8: =IF($A8="","",IF(H8>0,G8/H8,0)) | J8: =IF($A8="","",SUMIFS(Leads!$O$5:$O$1004,Leads!$F$5:$F$1004,$A8)) | K8: =IF($A8="","",COUNTIFS(Leads!$F$5:$F$1004,$A8,Leads!$R$5:$R$1004,"ATRASADO")) | L8: =IF($A8="","",RANK(G8,$G$5:$G$14))
A9: =IF(INDEX(Vendedores,5)="","",INDEX(Vendedores,5)) | B9: =IF($A9="","",COUNTIF(Leads!$F$5:$F$1004,$A9)) | C9: =IF($A9="","",COUNTIFS(Leads!$F$5:$F$1004,$A9,Leads!$P$5:$P$1004,"Aberto")) | D9: =IF($A9="","",COUNTIFS(Leads!$F$5:$F$1004,$A9,Leads!$P$5:$P$1004,"Ganho")) | E9: =IF($A9="","",COUNTIFS(Leads!$F$5:$F$1004,$A9,Leads!$P$5:$P$1004,"Perdido")) | F9: =IF($A9="","",IFERROR(D9/(D9+E9),0)) | G9: =IF($A9="","",SUMIFS(Leads!$H$5:$H$1004,Leads!$F$5:$F$1004,$A9,Leads!$P$5:$P$1004,"Ganho",Leads!$K$5:$K$1004,">="&DATE(YEAR(Hoje),MONTH(Hoje),1),Leads!$K$5:$K$1004,"<="&DATE(YEAR(Hoje),MONTH(Hoje)+1,0))) | H9: =IF($A9="","",N(INDEX(Config!$H$5:$H$14,5))) | I9: =IF($A9="","",IF(H9>0,G9/H9,0)) | J9: =IF($A9="","",SUMIFS(Leads!$O$5:$O$1004,Leads!$F$5:$F$1004,$A9)) | K9: =IF($A9="","",COUNTIFS(Leads!$F$5:$F$1004,$A9,Leads!$R$5:$R$1004,"ATRASADO")) | L9: =IF($A9="","",RANK(G9,$G$5:$G$14))
A10: =IF(INDEX(Vendedores,6)="","",INDEX(Vendedores,6)) | B10: =IF($A10="","",COUNTIF(Leads!$F$5:$F$1004,$A10)) | C10: =IF($A10="","",COUNTIFS(Leads!$F$5:$F$1004,$A10,Leads!$P$5:$P$1004,"Aberto")) | D10: =IF($A10="","",COUNTIFS(Leads!$F$5:$F$1004,$A10,Leads!$P$5:$P$1004,"Ganho")) | E10: =IF($A10="","",COUNTIFS(Leads!$F$5:$F$1004,$A10,Leads!$P$5:$P$1004,"Perdido")) | F10: =IF($A10="","",IFERROR(D10/(D10+E10),0)) | G10: =IF($A10="","",SUMIFS(Leads!$H$5:$H$1004,Leads!$F$5:$F$1004,$A10,Leads!$P$5:$P$1004,"Ganho",Leads!$K$5:$K$1004,">="&DATE(YEAR(Hoje),MONTH(Hoje),1),Leads!$K$5:$K$1004,"<="&DATE(YEAR(Hoje),MONTH(Hoje)+1,0))) | H10: =IF($A10="","",N(INDEX(Config!$H$5:$H$14,6))) | I10: =IF($A10="","",IF(H10>0,G10/H10,0)) | J10: =IF($A10="","",SUMIFS(Leads!$O$5:$O$1004,Leads!$F$5:$F$1004,$A10)) | K10: =IF($A10="","",COUNTIFS(Leads!$F$5:$F$1004,$A10,Leads!$R$5:$R$1004,"ATRASADO")) | L10: =IF($A10="","",RANK(G10,$G$5:$G$14))
A11: =IF(INDEX(Vendedores,7)="","",INDEX(Vendedores,7)) | B11: =IF($A11="","",COUNTIF(Leads!$F$5:$F$1004,$A11)) | C11: =IF($A11="","",COUNTIFS(Leads!$F$5:$F$1004,$A11,Leads!$P$5:$P$1004,"Aberto")) | D11: =IF($A11="","",COUNTIFS(Leads!$F$5:$F$1004,$A11,Leads!$P$5:$P$1004,"Ganho")) | E11: =IF($A11="","",COUNTIFS(Leads!$F$5:$F$1004,$A11,Leads!$P$5:$P$1004,"Perdido")) | F11: =IF($A11="","",IFERROR(D11/(D11+E11),0)) | G11: =IF($A11="","",SUMIFS(Leads!$H$5:$H$1004,Leads!$F$5:$F$1004,$A11,Leads!$P$5:$P$1004,"Ganho",Leads!$K$5:$K$1004,">="&DATE(YEAR(Hoje),MONTH(Hoje),1),Leads!$K$5:$K$1004,"<="&DATE(YEAR(Hoje),MONTH(Hoje)+1,0))) | H11: =IF($A11="","",N(INDEX(Config!$H$5:$H$14,7))) | I11: =IF($A11="","",IF(H11>0,G11/H11,0)) | J11: =IF($A11="","",SUMIFS(Leads!$O$5:$O$1004,Leads!$F$5:$F$1004,$A11)) | K11: =IF($A11="","",COUNTIFS(Leads!$F$5:$F$1004,$A11,Leads!$R$5:$R$1004,"ATRASADO")) | L11: =IF($A11="","",RANK(G11,$G$5:$G$14))
A12: =IF(INDEX(Vendedores,8)="","",INDEX(Vendedores,8)) | B12: =IF($A12="","",COUNTIF(Leads!$F$5:$F$1004,$A12)) | C12: =IF($A12="","",COUNTIFS(Leads!$F$5:$F$1004,$A12,Leads!$P$5:$P$1004,"Aberto")) | D12: =IF($A12="","",COUNTIFS(Leads!$F$5:$F$1004,$A12,Leads!$P$5:$P$1004,"Ganho")) | E12: =IF($A12="","",COUNTIFS(Leads!$F$5:$F$1004,$A12,Leads!$P$5:$P$1004,"Perdido")) | F12: =IF($A12="","",IFERROR(D12/(D12+E12),0)) | G12: =IF($A12="","",SUMIFS(Leads!$H$5:$H$1004,Leads!$F$5:$F$1004,$A12,Leads!$P$5:$P$1004,"Ganho",Leads!$K$5:$K$1004,">="&DATE(YEAR(Hoje),MONTH(Hoje),1),Leads!$K$5:$K$1004,"<="&DATE(YEAR(Hoje),MONTH(Hoje)+1,0))) | H12: =IF($A12="","",N(INDEX(Config!$H$5:$H$14,8))) | I12: =IF($A12="","",IF(H12>0,G12/H12,0)) | J12: =IF($A12="","",SUMIFS(Leads!$O$5:$O$1004,Leads!$F$5:$F$1004,$A12)) | K12: =IF($A12="","",COUNTIFS(Leads!$F$5:$F$1004,$A12,Leads!$R$5:$R$1004,"ATRASADO")) | L12: =IF($A12="","",RANK(G12,$G$5:$G$14))
A13: =IF(INDEX(Vendedores,9)="","",INDEX(Vendedores,9)) | B13: =IF($A13="","",COUNTIF(Leads!$F$5:$F$1004,$A13)) | C13: =IF($A13="","",COUNTIFS(Leads!$F$5:$F$1004,$A13,Leads!$P$5:$P$1004,"Aberto")) | D13: =IF($A13="","",COUNTIFS(Leads!$F$5:$F$1004,$A13,Leads!$P$5:$P$1004,"Ganho")) | E13: =IF($A13="","",COUNTIFS(Leads!$F$5:$F$1004,$A13,Leads!$P$5:$P$1004,"Perdido")) | F13: =IF($A13="","",IFERROR(D13/(D13+E13),0)) | G13: =IF($A13="","",SUMIFS(Leads!$H$5:$H$1004,Leads!$F$5:$F$1004,$A13,Leads!$P$5:$P$1004,"Ganho",Leads!$K$5:$K$1004,">="&DATE(YEAR(Hoje),MONTH(Hoje),1),Leads!$K$5:$K$1004,"<="&DATE(YEAR(Hoje),MONTH(Hoje)+1,0))) | H13: =IF($A13="","",N(INDEX(Config!$H$5:$H$14,9))) | I13: =IF($A13="","",IF(H13>0,G13/H13,0)) | J13: =IF($A13="","",SUMIFS(Leads!$O$5:$O$1004,Leads!$F$5:$F$1004,$A13)) | K13: =IF($A13="","",COUNTIFS(Leads!$F$5:$F$1004,$A13,Leads!$R$5:$R$1004,"ATRASADO")) | L13: =IF($A13="","",RANK(G13,$G$5:$G$14))
A14: =IF(INDEX(Vendedores,10)="","",INDEX(Vendedores,10)) | B14: =IF($A14="","",COUNTIF(Leads!$F$5:$F$1004,$A14)) | C14: =IF($A14="","",COUNTIFS(Leads!$F$5:$F$1004,$A14,Leads!$P$5:$P$1004,"Aberto")) | D14: =IF($A14="","",COUNTIFS(Leads!$F$5:$F$1004,$A14,Leads!$P$5:$P$1004,"Ganho")) | E14: =IF($A14="","",COUNTIFS(Leads!$F$5:$F$1004,$A14,Leads!$P$5:$P$1004,"Perdido")) | F14: =IF($A14="","",IFERROR(D14/(D14+E14),0)) | G14: =IF($A14="","",SUMIFS(Leads!$H$5:$H$1004,Leads!$F$5:$F$1004,$A14,Leads!$P$5:$P$1004,"Ganho",Leads!$K$5:$K$1004,">="&DATE(YEAR(Hoje),MONTH(Hoje),1),Leads!$K$5:$K$1004,"<="&DATE(YEAR(Hoje),MONTH(Hoje)+1,0))) | H14: =IF($A14="","",N(INDEX(Config!$H$5:$H$14,10))) | I14: =IF($A14="","",IF(H14>0,G14/H14,0)) | J14: =IF($A14="","",SUMIFS(Leads!$O$5:$O$1004,Leads!$F$5:$F$1004,$A14)) | K14: =IF($A14="","",COUNTIFS(Leads!$F$5:$F$1004,$A14,Leads!$R$5:$R$1004,"ATRASADO")) | L14: =IF($A14="","",RANK(G14,$G$5:$G$14))
A15: Total | B15: =SUM(B5:B14) -> 0 | C15: =SUM(C5:C14) -> 0 | D15: =SUM(D5:D14) -> 0 | E15: =SUM(E5:E14) -> 0 | F15: =IFERROR(D15/(D15+E15),0) -> 0 | G15: =SUM(G5:G14) -> 0 | H15: =SUM(H5:H14) -> 0 | I15: =IF(H15>0,G15/H15,0) -> 0 | J15: =SUM(J5:J14) -> 0 | K15: =SUM(K5:K14) -> 0

Sheet Dashboard
A1: Dashboard comercial
A2: Resumo do funil e das metas do mês.
A4: LEADS EM ABERTO | C4: VALOR EM ABERTO | E4: PREVISÃO PONDERADA | G4: VENDIDO NO MÊS | I4: META DO MÊS
A5: =COUNTIF(Leads!$P$5:$P$1004,"Aberto") -> 0 | C5: =SUMIFS(Leads!$H$5:$H$1004,Leads!$P$5:$P$1004,"Aberto") -> 0 | E5: =SUM(Leads!$O$5:$O$1004) -> 0 | G5: =Vendedores!G15 -> 0 | I5: =Vendedores!H15 -> 0
A7: % DA META | C7: CONVERSÃO (ganhos / fechados) | E7: TICKET MÉDIO | G7: CICLO MÉDIO DE VENDA (dias) | I7: FOLLOW-UPS ATRASADOS
A8: =Vendedores!I15 -> 0 | C8: =Vendedores!F15 -> 0 | E8: =IFERROR(AVERAGEIFS(Leads!$H$5:$H$1004,Leads!$P$5:$P$1004,"Ganho"),0) -> 0 | G8: =IFERROR(SUMPRODUCT((Leads!$P$5:$P$1004="Ganho")*(Leads!$K$5:$K$1004>0)*(Leads!$K$5:$K$1004-Leads!$B$5:$B$1004))/SUMPRODUCT((Leads!$P$5:$P$1004="Ganho")*(Leads!$K$5:$K$1004>0)),0) -> 0 | I8: =COUNTIF(Leads!$R$5:$R$1004,"ATRASADO") -> 0
A10: Vendas ganhas por mês (ano da data de hoje)
A11: Mês | B11: Vendido (R$) | C11: Meta (R$)
A12: =DATE(YEAR(Hoje),1,1) -> 46023 | B12: =SUMIFS(Leads!$H$5:$H$1004,Leads!$P$5:$P$1004,"Ganho",Leads!$K$5:$K$1004,">="&A12,Leads!$K$5:$K$1004,"<="&DATE(YEAR(A12),MONTH(A12)+1,0)) -> 0 | C12: =SUM(Config!$H$5:$H$14) -> 0
A13: =DATE(YEAR(Hoje),2,1) -> 46054 | B13: =SUMIFS(Leads!$H$5:$H$1004,Leads!$P$5:$P$1004,"Ganho",Leads!$K$5:$K$1004,">="&A13,Leads!$K$5:$K$1004,"<="&DATE(YEAR(A13),MONTH(A13)+1,0)) -> 0 | C13: =SUM(Config!$H$5:$H$14) -> 0
A14: =DATE(YEAR(Hoje),3,1) -> 46082 | B14: =SUMIFS(Leads!$H$5:$H$1004,Leads!$P$5:$P$1004,"Ganho",Leads!$K$5:$K$1004,">="&A14,Leads!$K$5:$K$1004,"<="&DATE(YEAR(A14),MONTH(A14)+1,0)) -> 0 | C14: =SUM(Config!$H$5:$H$14) -> 0
A15: =DATE(YEAR(Hoje),4,1) -> 46113 | B15: =SUMIFS(Leads!$H$5:$H$1004,Leads!$P$5:$P$1004,"Ganho",Leads!$K$5:$K$1004,">="&A15,Leads!$K$5:$K$1004,"<="&DATE(YEAR(A15),MONTH(A15)+1,0)) -> 0 | C15: =SUM(Config!$H$5:$H$14) -> 0
A16: =DATE(YEAR(Hoje),5,1) -> 46143 | B16: =SUMIFS(Leads!$H$5:$H$1004,Leads!$P$5:$P$1004,"Ganho",Leads!$K$5:$K$1004,">="&A16,Leads!$K$5:$K$1004,"<="&DATE(YEAR(A16),MONTH(A16)+1,0)) -> 0 | C16: =SUM(Config!$H$5:$H$14) -> 0
A17: =DATE(YEAR(Hoje),6,1) -> 46174 | B17: =SUMIFS(Leads!$H$5:$H$1004,Leads!$P$5:$P$1004,"Ganho",Leads!$K$5:$K$1004,">="&A17,Leads!$K$5:$K$1004,"<="&DATE(YEAR(A17),MONTH(A17)+1,0)) -> 0 | C17: =SUM(Config!$H$5:$H$14) -> 0
A18: =DATE(YEAR(Hoje),7,1) -> 46204 | B18: =SUMIFS(Leads!$H$5:$H$1004,Leads!$P$5:$P$1004,"Ganho",Leads!$K$5:$K$1004,">="&A18,Leads!$K$5:$K$1004,"<="&DATE(YEAR(A18),MONTH(A18)+1,0)) -> 0 | C18: =SUM(Config!$H$5:$H$14) -> 0
A19: =DATE(YEAR(Hoje),8,1) -> 46235 | B19: =SUMIFS(Leads!$H$5:$H$1004,Leads!$P$5:$P$1004,"Ganho",Leads!$K$5:$K$1004,">="&A19,Leads!$K$5:$K$1004,"<="&DATE(YEAR(A19),MONTH(A19)+1,0)) -> 0 | C19: =SUM(Config!$H$5:$H$14) -> 0
A20: =DATE(YEAR(Hoje),9,1) -> 46266 | B20: =SUMIFS(Leads!$H$5:$H$1004,Leads!$P$5:$P$1004,"Ganho",Leads!$K$5:$K$1004,">="&A20,Leads!$K$5:$K$1004,"<="&DATE(YEAR(A20),MONTH(A20)+1,0)) -> 0 | C20: =SUM(Config!$H$5:$H$14) -> 0
A21: =DATE(YEAR(Hoje),10,1) -> 46296 | B21: =SUMIFS(Leads!$H$5:$H$1004,Leads!$P$5:$P$1004,"Ganho",Leads!$K$5:$K$1004,">="&A21,Leads!$K$5:$K$1004,"<="&DATE(YEAR(A21),MONTH(A21)+1,0)) -> 0 | C21: =SUM(Config!$H$5:$H$14) -> 0
A22: =DATE(YEAR(Hoje),11,1) -> 46327 | B22: =SUMIFS(Leads!$H$5:$H$1004,Leads!$P$5:$P$1004,"Ganho",Leads!$K$5:$K$1004,">="&A22,Leads!$K$5:$K$1004,"<="&DATE(YEAR(A22),MONTH(A22)+1,0)) -> 0 | C22: =SUM(Config!$H$5:$H$14) -> 0
A23: =DATE(YEAR(Hoje),12,1) -> 46357 | B23: =SUMIFS(Leads!$H$5:$H$1004,Leads!$P$5:$P$1004,"Ganho",Leads!$K$5:$K$1004,">="&A23,Leads!$K$5:$K$1004,"<="&DATE(YEAR(A23),MONTH(A23)+1,0)) -> 0 | C23: =SUM(Config!$H$5:$H$14) -> 0
